regname;regcode;year;month;count_0;count_4;min_0;min_4;max_0;max_4;mean_0;mean_4;sum_0;sum_4;nodata_0;nodata_4;median_0;median_4;std_0;std_4;percentile_90_0;percentile_90_4
Moldova;;2022;1;231906;231906;0;0;11578.0;11331.0;425.034.281.131.148;5.529.382.594.671.970;985680.0;1282297.0;27.0;27.0;0;0;5.442.622.007.567.260;4.966.516.512.233.590;6.0;8.0
Moldova;;2022;2;231903;231903;0;0;13219.0;16289.0;34.399.554.986.352.000;3.802.318.210.631.160;797736.0;881769.0;30.0;30.0;0;0;5.133.403.952.640.720;58.502.974.160.998.800;0;6.0
Moldova;;2022;3;231933;231933;0;0;10216.0;4012.0;357.642.939.986.979;36.295.913.043.853.100;829492.0;841822.0;0;0;0;0;44.382.092.780.650.100;26.978.849.530.100.500;0;6.0
Moldova;;2022;4;231916;231916;0;0;3401.0;1166.0;35.620.353.921.247.300;4.110.471.032.615.250;826093.0;953284.0;17.0;17.0;0;0;2.803.525.400.985.110;22.281.511.863.761.000;0;7.0
Moldova;;2022;5;231922;231922;0;0;1618.0;949.0;35.792.550.943.851.800;4.498.792.697.544.860;830108.0;1043369.0;11.0;11.0;0;0;2.429.135.747.898.500;2.154.463.385.458.170;5.0;8.0
Moldova;;2022;6;218917;218917;0;0;996.0;1110.0;4.196.654.439.810.520;5.881.731.432.460.700;918719.0;1287611.0;13016.0;13016.0;0;0;23.385.594.868.617.200;21.995.702.902.989.600;7.0;10.0
Moldova;;2022;7;231919;231919;0;0;880.0;748.0;3.390.248.319.456.360;36.966.268.395.431.100;786263.0;857318.0;14.0;14.0;0;0;20.810.645.682.793.900;1.945.686.580.031.100;6.0;7.0
Moldova;;2022;8;231933;231933;0;0;991.0;870.0;33.671.793.147.158.800;4.836.780.449.526.370;780960.0;1121809.0;0;0;0;0;20.043.791.834.142.600;18.051.642.859.370.100;6.0;7.0
Moldova;;2022;9;231932;231932;0;0;1061.0;1046.0;31.796.647.293.172.100;3.479.580.221.789.140;737466.0;807026.0;1.0;1.0;0;0;21.135.073.845.988.400;19.228.357.506.214.000;5.0;7.0
Moldova;;2022;10;231931;231931;0;0;3101.0;3540.0;29.003.798.543.532.300;30.719.998.620.279.300;672688.0;712492.0;2.0;2.0;0;0;2.143.060.442.151.110;2.129.353.211.207.820;0;6.0
Moldova;;2022;11;231926;231926;0;0;2595.0;1363.0;26.533.678.845.838.700;28.915.257.452.808.200;615385.0;670620.0;7.0;7.0;0;0;2.126.998.033.260.210;17.656.170.625.873.000;0;6.0
Moldova;;2022;12;231933;231933;0;0;6331.0;10883.0;27.191.516.515.545.400;5.518.852.427.209.580;630661.0;1280004.0;0;0;0;5.0;2.647.836.137.064.510;4.244.915.143.532.780;0;7.0
Anenii Noi;MDA.1_1;2022;1;5452;5452;0;0;129.0;171.0;2.803.558.327.219.360;5.410.124.724.871.600;15285.0;29496.0;0;0;0;5.0;9.968.959.628.954.360;9.871.709.739.246.440;6.0;10.0
Anenii Noi;MDA.1_1;2022;2;5452;5452;0;0;128.0;138.0;27.652.237.710.931.700;4.179.200.293.470.280;15076.0;22785.0;0;0;0;0;8.736.665.622.374.200;820.207.372.845.692;7.0;9.0
Anenii Noi;MDA.1_1;2022;3;5452;5452;0;0;143.0;133.0;3.120.322.817.314.740;38.580.337.490.829.000;17012.0;21034.0;0;0;0;0;977.684.865.733.072;9.431.707.249.296.130;7.0;9.0
Anenii Noi;MDA.1_1;2022;4;5452;5452;0;0;146.0;135.0;2.987.527.512.839.320;4.608.400.586.940.570;16288.0;25125.0;0;0;0;0;10.462.411.774.429.600;9.265.416.009.666.980;6.0;10.0
Anenii Noi;MDA.1_1;2022;5;5452;5452;0;0;124.0;121.0;34.860.601.614.086.500;5.518.341.892.883.340;19006.0;30086.0;0;0;0;5.0;9.521.146.297.098.920;8.820.010.408.401.590;8.0;11.0
Anenii Noi;MDA.1_1;2022;6;5452;5452;0;0;131.0;122.0;40.027.512.839.325.000;605.942.773.294.204;21823.0;33036.0;0;0;0;5.0;977.408.944.192.235;952.462.100.287.701;9.0;13.0
Anenii Noi;MDA.1_1;2022;7;5452;5452;0;0;137.0;129.0;34.495.597.945.707.900;4.266.691.122.523.840;18807.0;23262.0;0;0;0;0;8.828.989.228.483.710;8.516.203.440.476.920;9.0;10.0
Anenii Noi;MDA.1_1;2022;8;5452;5452;0;0;114.0;112.0;3.787.967.718.268.520;5.602.531.181.217.900;20652.0;30545.0;0;0;0;5.0;8.162.159.825.877.530;7.364.995.297.721.150;8.0;10.0
Anenii Noi;MDA.1_1;2022;9;5452;5452;0;0;103.0;82.0;3.113.536.316.947.900;4.682.318.415.260.450;16975.0;25528.0;0;0;0;5.0;8.218.837.419.100.610;6.937.962.380.343.010;8.0;10.0
Anenii Noi;MDA.1_1;2022;10;5452;5452;0;0;82.0;60.0;25.366.837.857.666.900;30.995.964.783.565.600;13830.0;16899.0;0;0;0;0;6.943.404.784.435.520;6.209.460.144.680.920;7.0;8.0
Anenii Noi;MDA.1_1;2022;11;5452;5452;0;0;91.0;73.0;22.815.480.557.593.500;2.818.782.098.312.540;12439.0;15368.0;0;0;0;0;6.924.241.865.347.640;5.776.577.492.447.690;6.0;8.0
Anenii Noi;MDA.1_1;2022;12;5452;5452;0;0;94.0;151.0;2.204.512.105.649.300;6.315.480.557.593.540;12019.0;34432.0;0;0;0;5.0;6.549.167.407.195.840;6.460.691.194.588.830;6.0;10.0
 Bălţi;MDA.2_1;2022;1;689;689;0;0;315.0;273.0;3.555.732.946.298.980;3.320.609.579.100.140;24499.0;22879.0;0;0;6.0;10.0;5.451.786.281.993.390;4.450.548.692.380.120;11.540.000.000.000.000;8.820.000.000.000.000
 Bălţi;MDA.2_1;2022;2;689;689;0;0;200.0;238.0;285.166.908.563.135;29.329.462.989.840.300;19648.0;20208.0;0;0;7.0;9.0;39.951.132.305.653.700;3.947.294.662.292.430;9.020.000.000.000.000;8.620.000.000.000.000
 Bălţi;MDA.2_1;2022;3;689;689;0;0;271.0;266.0;342.133.526.850.508;357.489.114.658.926;23573.0;24631.0;0;0;7.0;11.0;4.980.014.684.486.040;4.809.073.972.945.890;100.0;10.220.000.000.000.000
 Bălţi;MDA.2_1;2022;4;689;689;0;0;276.0;238.0;38.709.724.238.026.100;3.652.539.912.917.270;26671.0;25166.0;0;0;7.0;12.0;5.588.052.184.003.010;4.533.189.660.497.790;115.0;102.0
 Bălţi;MDA.2_1;2022;5;689;689;0;0;287.0;440.0;3.706.676.342.525.390;37.561.683.599.419.400;25539.0;25880.0;0;0;8.0;12.0;52.487.069.786.277.300;5.351.992.736.113.980;10.740.000.000.000.000;98.0
 Bălţi;MDA.2_1;2022;6;689;689;0;0;292.0;294.0;4.031.785.195.936.130;39.664.731.494.920.100;27779.0;27329.0;0;0;13.0;18.0;5.412.126.080.791.320;51.236.999.526.012.700;114.0;11.120.000.000.000.000
 Bălţi;MDA.2_1;2022;7;689;689;0;0;277.0;280.0;3.542.960.812.772.130;3.442.235.123.367.190;24411.0;23717.0;0;0;11.0;13.0;47.387.278.764.145.300;4.471.834.279.767.520;103.0;9.720.000.000.000.000
 Bălţi;MDA.2_1;2022;8;689;689;0;0;258.0;242.0;3.524.673.439.767.770;3.135.413.642.960.810;24285.0;21603.0;0;0;9.0;11.0;4.847.398.499.020.640;38.962.592.135.763.300;10.020.000.000.000.000;8.140.000.000.000.000
 Bălţi;MDA.2_1;2022;9;689;689;0;0;257.0;232.0;3.633.817.126.269.950;302.322.206.095.791;25037.0;20830.0;0;0;8.0;11.0;5.056.522.618.196.010;3.919.155.526.286.630;10.820.000.000.000.000;8.120.000.000.000.000
 Bălţi;MDA.2_1;2022;10;689;689;0;0;279.0;236.0;31.687.953.555.878.000;2.835.123.367.198.830;21833.0;19534.0;0;0;7.0;8.0;4.790.393.007.584.990;42.275.463.405.743.500;9.320.000.000.000.000;85.0
 Bălţi;MDA.2_1;2022;11;689;689;0;0;240.0;181.0;30.593.613.933.236.500;27.425.253.991.291.700;21079.0;18896.0;0;0;6.0;8.0;4.588.273.391.227.460;3.727.788.405.273.660;95.0;82.0
 Bălţi;MDA.2_1;2022;12;689;689;0;0;304.0;200.0;30.831.640.058.055.100;31.365.747.460.087.000;21243.0;21611.0;0;0;7.0;10.0;47.455.891.524.827.100;3.814.638.049.547.740;92.0;8.720.000.000.000.000
 Basarabeasca;MDA.3_1;2022;1;2101;2101;0;0;54.0;66.0;0.6116135173726797;23.184.198.000.951.900;1285.0;4871.0;0;0;0;0;4.135.558.566.840.720;566.929.223.260.917;0;6.0
 Basarabeasca;MDA.3_1;2022;2;2101;2101;0;0;46.0;43.0;0.569728700618753;0.6891956211327939;1197.0;1448.0;0;0;0;0;37.859.829.872.947.600;31.679.953.512.813.000;0;0
 Basarabeasca;MDA.3_1;2022;3;2101;2101;0;0;51.0;50.0;0.6473108043788672;0.851975249881009;1360.0;1790.0;0;0;0;0;4.074.838.763.686.860;40.906.531.588.981.100;0;0
 Basarabeasca;MDA.3_1;2022;4;2101;2101;0;0;58.0;47.0;0.680628272251309;11.099.476.439.790.500;1430.0;2332.0;0;0;0;0;4.272.862.552.049.900;4.063.840.975.209.870;0;5.0
 Basarabeasca;MDA.3_1;2022;5;2101;2101;0;0;64.0;64.0;0.8667301285102332;16.330.318.895.763.900;1821.0;3431.0;0;0;0;0;5.098.958.113.096.830;5.149.274.223.562.450;0;5.0
 Basarabeasca;MDA.3_1;2022;6;2101;2101;0;0;63.0;51.0;0.8272251308900523;10.252.260.828.177.000;1738.0;2154.0;0;0;0;0;4.446.320.734.443.550;40.619.701.656.534.900;0;5.0
 Basarabeasca;MDA.3_1;2022;7;2101;2101;0;0;54.0;48.0;0.7296525464064731;0.8781532603522132;1533.0;1845.0;0;0;0;0;4.324.885.795.861.390;4.196.097.960.438.760;0;0
 Basarabeasca;MDA.3_1;2022;8;2101;2101;0;0;47.0;36.0;0.6501665873393622;12.993.812.470.252.200;1366.0;2730.0;0;0;0;0;3.445.632.159.893.440;3.156.454.158.339.500;0;5.0
 Basarabeasca;MDA.3_1;2022;9;2101;2101;0;0;55.0;50.0;0.6192289386006663;0.7962874821513565;1301.0;1673.0;0;0;0;0;4.070.498.635.170.450;35.523.427.483.281.500;0;0
 Basarabeasca;MDA.3_1;2022;10;2101;2101;0;0;44.0;42.0;0.48738695859114706;0.6087577344121847;1024.0;1279.0;0;0;0;0;32.579.793.127.759.800;2.880.980.224.278.340;0;0
 Basarabeasca;MDA.3_1;2022;11;2101;2101;0;0;38.0;36.0;0.26749167063303186;0.418848167539267;562.0;880.0;0;0;0;0;2.053.273.084.004.760;18.521.523.058.325.100;0;0
 Basarabeasca;MDA.3_1;2022;12;2101;2101;0;0;40.0;31.0;0.25654450261780104;3.412.660.637.791.520;539.0;7170.0;0;0;0;5.0;2.063.107.469.058.690;30.935.919.111.025.600;0;6.0
 Bender;MDA.4_1;2022;1;580;580;0;0;282.0;214.0;2.721.206.896.551.720;28.798.275.862.068.900;15783.0;16703.0;0;0;6.0;10.0;4.504.428.693.380.050;3.950.332.588.084.240;9.210.000.000.000.000;87.0
 Bender;MDA.4_1;2022;2;580;580;0;0;275.0;170.0;23.144.827.586.206.800;18.444.827.586.206.800;13424.0;10698.0;0;0;5.0;7.0;3.873.775.300.309.620;2.681.305.762.968.910;7.410.000.000.000.000;51.0
 Bender;MDA.4_1;2022;3;580;580;0;0;208.0;169.0;18.325.862.068.965.500;1.648.103.448.275.860;10629.0;9559.0;0;0;5.0;6.0;30.653.216.405.150.200;26.576.590.404.913.400;58.0;49.0
 Bender;MDA.4_1;2022;4;580;580;0;0;232.0;142.0;1.943.448.275.862.060;15.644.827.586.206.800;11272.0;9074.0;0;0;0;7.0;33.950.280.846.556.200;24.236.152.622.390.100;5.810.000.000.000.000;4.310.000.000.000.000
 Bender;MDA.4_1;2022;5;580;580;0;0;198.0;179.0;1.772.586.206.896.550;1.823.448.275.862.060;10281.0;10576.0;0;0;6.0;8.0;2.941.766.452.874.530;2.560.873.067.532.680;53.0;46.200.000.000.000.000
 Bender;MDA.4_1;2022;6;580;580;0;0;187.0;165.0;19.May;1.990.344.827.586.200;11049.0;11544.0;0;0;7.0;9.0;29.505.743.158.075.900;26.462.158.834.425.400;5.910.000.000.000.000;55.0
 Bender;MDA.4_1;2022;7;580;580;0;0;160.0;146.0;16.925.862.068.965.500;1.705.344.827.586.200;9817.0;9891.0;0;0;6.0;8.0;2.614.850.862.988.520;24.061.535.447.876.000;51.0;47.0
 Bender;MDA.4_1;2022;8;580;580;0;0;135.0;124.0;15.796.551.724.137.900;15.725.862.068.965.500;9162.0;9121.0;0;0;7.0;7.0;23.027.195.058.176.800;20.527.333.000.633.700;43.0;39.0
 Bender;MDA.4_1;2022;9;580;580;0;0;150.0;134.0;16.162.068.965.517.200;15.679.310.344.827.500;9374.0;9094.0;0;0;6.0;8.0;24.413.279.509.501.300;20.931.017.724.244.800;48.0;4.210.000.000.000.000
 Bender;MDA.4_1;2022;10;580;580;0;0;150.0;167.0;15.081.034.482.758.600;15.351.724.137.931.000;8747.0;8904.0;0;0;6.0;6.0;23.890.886.712.203.900;24.060.493.025.155.400;45.0;4.210.000.000.000.000
 Bender;MDA.4_1;2022;11;580;580;0;0;215.0;152.0;15.779.310.344.827.500;12.958.620.689.655.100;9152.0;7516.0;0;0;5.0;6.0;28.192.556.847.390.400;2.007.636.313.474.610;47.0;3.610.000.000.000.000
 Bender;MDA.4_1;2022;12;580;580;0;0;156.0;99.0;15.125.862.068.965.500;1.630.344.827.586.200;8773.0;9456.0;0;0;6.0;9.0;23.521.003.529.089.800;16.514.496.928.427.700;46.0;3.810.000.000.000.000
 Briceni;MDA.5_1;2022;1;6141;6141;0;0;80.0;55.0;21.191.988.275.525.100;23.058.133.854.421.100;13014.0;14160.0;0;0;0;0;5.972.672.207.414.410;4.773.551.175.586.870;6.0;7.0
 Briceni;MDA.5_1;2022;2;6141;6141;0;0;57.0;65.0;0.7850512945774304;14.163.816.967.920.500;4821.0;8698.0;0;0;0;0;39.034.568.896.605.600;4.170.958.128.734.900;0;5.0
 Briceni;MDA.5_1;2022;3;6141;6141;0;0;62.0;65.0;0.8718449763882103;11.752.157.629.050.600;5354.0;7217.0;0;0;0;0;4.311.214.741.184.280;4.404.692.244.225.840;0;5.0
 Briceni;MDA.5_1;2022;4;6141;6141;0;0;75.0;65.0;0.93584106822993;14.722.357.922.162.500;5747.0;9041.0;0;0;0;0;475.819.336.175.876;4.636.475.890.133.270;0;6.0
 Briceni;MDA.5_1;2022;5;6141;6141;0;0;73.0;59.0;1.076.534.766.324.700;25.363.947.239.863.200;6611.0;15576.0;0;0;0;0;4.610.156.877.526.600;4.910.153.778.167.710;0;7.0
 Briceni;MDA.5_1;2022;6;4394;4394;0;0;76.0;78.0;39.431.042.330.450.600;66.165.225.307.237.100;17326.0;29073.0;1747.0;1747.0;0;6.0;6.293.998.992.513.850;7.065.897.644.857.220;9.0;13.0
 Briceni;MDA.5_1;2022;7;6141;6141;0;0;80.0;61.0;1.253.541.768.441.620;18.259.241.165.933.800;7698.0;11213.0;0;0;0;0;4.949.479.920.611.470;48.433.683.910.959.600;5.0;6.0
 Briceni;MDA.5_1;2022;8;6141;6141;0;0;56.0;49.0;12.489.822.504.478.000;28.726.591.760.299.600;7670.0;17641.0;0;0;0;0;4.404.485.917.324.180;4.239.577.091.980.940;5.0;7.0
 Briceni;MDA.5_1;2022;9;6141;6141;0;0;63.0;57.0;0.9164631167562286;1.747.923.790.913.530;5628.0;10734.0;0;0;0;0;4.249.086.716.222.990;39.336.581.585.644.500;0;6.0
 Briceni;MDA.5_1;2022;10;6141;6141;0;0;54.0;44.0;0.6752971828692396;0.8821038918742876;4147.0;5417.0;0;0;0;0;35.133.111.053.650.100;33.027.906.173.213.000;0;0
 Briceni;MDA.5_1;2022;11;6141;6141;0;0;54.0;42.0;0.6117896108125712;10.556.912.554.958.400;3757.0;6483.0;0;0;0;0;34.290.564.319.805.800;33.025.517.412.575.800;0;5.0
 Briceni;MDA.5_1;2022;12;6141;6141;0;0;52.0;46.0;0.5687998697280573;18.265.754.763.067.900;3493.0;11217.0;0;0;0;0;33.244.511.701.893.600;3.915.827.924.528.430;0;6.0
 Cahul;MDA.6_1;2022;1;9744;9744;0;0;206.0;262.0;12.349.137.931.034.400;25.361.247.947.454.800;12033.0;24712.0;21.0;21.0;0;0;920.279.461.958.716;9.854.562.699.625.310;0;6.0
 Cahul;MDA.6_1;2022;2;9743;9743;0;0;203.0;198.0;1.395.052.858.462.480;19.140.921.687.365.200;13592.0;18649.0;22.0;22.0;0;0;9.835.203.960.480.170;991.957.340.222.419;0;5.0
 Cahul;MDA.6_1;2022;3;9765;9765;0;0;228.0;226.0;15.734.767.025.089.600;19.333.333.333.333.300;15365.0;18879.0;0;0;0;0;10.096.799.949.654.500;10.249.032.274.824.900;0;5.0
 Cahul;MDA.6_1;2022;4;9749;9749;0;0;242.0;221.0;1.806.544.260.949.840;26.680.685.198.481.800;17612.0;26011.0;16.0;16.0;0;0;10.725.900.535.588.000;10.275.454.720.488.700;0;6.0
 Cahul;MDA.6_1;2022;5;9755;9755;0;0;237.0;225.0;1.832.598.667.350.070;2.560.328.036.904.150;17877.0;24976.0;10.0;10.0;0;0;10.835.746.003.528.100;10.255.361.998.145;0;6.0
 Cahul;MDA.6_1;2022;6;9755;9755;0;0;310.0;269.0;19.347.001.537.672.900;2.790.773.962.070.730;18873.0;27224.0;10.0;10.0;0;0;11.531.097.632.433.200;10.755.728.544.857.300;5.0;6.0
 Cahul;MDA.6_1;2022;7;9753;9753;0;0;270.0;239.0;17.131.139.136.675.800;188.106.223.726.033;16708.0;18346.0;12.0;12.0;0;0;1.034.466.668.654.820;9.604.172.767.226.100;0;5.0
 Cahul;MDA.6_1;2022;8;9765;9765;0;0;224.0;231.0;18.852.022.529.441.800;23.195.084.485.407.000;18409.0;22650.0;0;0;0;0;9.755.475.895.953.690;9.632.675.731.335.720;5.0;6.0
 Cahul;MDA.6_1;2022;9;9764;9764;0;0;312.0;332.0;16.346.784.104.875.000;2.072.818.517.001.220;15961.0;20239.0;1.0;1.0;0;0;11.317.156.503.661.600;1.139.028.324.674.360;0;5.0
 Cahul;MDA.6_1;2022;10;9763;9763;0;0;347.0;289.0;16.310.560.278.602.800;18.657.175.048.653.000;15924.0;18215.0;2.0;2.0;0;0;11.879.042.577.017.200;10.755.211.908.019.500;0;5.0
 Cahul;MDA.6_1;2022;11;9760;9760;0;0;403.0;210.0;1.135.860.655.737.700;13.130.122.950.819.600;11086.0;12815.0;5.0;5.0;0;0;9.684.806.467.268.820;6.502.637.764.268.540;0;5.0
 Cahul;MDA.6_1;2022;12;9765;9765;0;0;374.0;275.0;1.152.073.732.718.890;46.646.185.355.862.700;11250.0;45550.0;0;0;0;5.0;1.005.759.741.672.520;70.632.184.853.392.400;0;6.0
 Calarasi;MDA.7_1;2022;1;5182;5182;0;0;136.0;110.0;13.988.807.410.266.300;2.664.415.283.674.250;7249.0;13807.0;0;0;0;0;7.494.504.786.125.020;647.876.646.686.175;5.0;6.0
 Calarasi;MDA.7_1;2022;2;5182;5182;0;0;91.0;120.0;0.7489386337321497;1.381.126.978.000.770;3881.0;7157.0;0;0;0;0;49.999.299.331.733.900;5.823.637.837.700.310;0;5.0
 Calarasi;MDA.7_1;2022;3;5182;5182;0;0;146.0;140.0;0.9461597838672328;12.410.266.306.445.300;4903.0;6431.0;0;0;0;0;6.801.110.918.229.230;7.046.900.796.331.080;0;5.0
 Calarasi;MDA.7_1;2022;4;5182;5182;0;0;127.0;132.0;1.013.315.322.269.390;17.751.833.269.008.100;5251.0;9199.0;0;0;0;0;7.038.024.326.667.530;6.694.108.894.939.330;0;6.0
 Calarasi;MDA.7_1;2022;5;5182;5182;0;0;141.0;151.0;11.482.053.261.289.000;2.003.473.562.331.140;5950.0;10382.0;0;0;0;0;7.373.507.846.871.520;7.239.012.855.089.270;0;6.0
 Calarasi;MDA.7_1;2022;6;5182;5182;0;0;129.0;92.0;13.363.566.190.659.900;35.256.657.661.134.600;6925.0;18270.0;0;0;0;0;6.927.934.860.998.730;60.010.948.192.752.100;5.0;7.0
 Calarasi;MDA.7_1;2022;7;5182;5182;0;0;134.0;116.0;0.9395986105750675;11.576.611.346.970.200;4869.0;5999.0;0;0;0;0;6.439.399.157.834.170;6.016.704.375.523.650;0;5.0
 Calarasi;MDA.7_1;2022;8;5182;5182;0;0;130.0;122.0;1.016.402.933.230.410;28.936.703.975.299.100;5267.0;14995.0;0;0;0;0;63.324.165.508.089.600;5.901.585.987.912.120;0;6.0
 Calarasi;MDA.7_1;2022;9;5182;5182;0;0;119.0;108.0;10.027.016.595.908.900;1.455.615.592.435.350;5196.0;7543.0;0;0;0;0;6.412.158.615.635.890;58.823.420.021.936.700;0;5.0
 Calarasi;MDA.7_1;2022;10;5182;5182;0;0;121.0;100.0;0.7969895793130065;10.167.888.846.005.400;4130.0;5269.0;0;0;0;0;5.591.256.079.452.320;50.678.442.196.030.800;0;0
 Calarasi;MDA.7_1;2022;11;5182;5182;0;0;98.0;42.0;0.5712080277884987;12.213.431.107.680.400;2960.0;6329.0;0;0;0;0;3.722.246.436.353.970;32.090.762.665.828.100;0;5.0
 Calarasi;MDA.7_1;2022;12;5182;5182;0;0;92.0;56.0;0.5592435353145504;368.448.475.492.088;2898.0;19093.0;0;0;0;5.0;36.599.818.896.263.100;3.744.109.810.582.020;0;6.0
 Cantemir;MDA.8_1;2022;1;7092;7092;0;0;198.0;156.0;0.7884940778341794;2.344.613.649.182.170;5592.0;16628.0;0;0;0;0;5.161.994.245.505.360;5.779.919.391.059.520;0;6.0
 Cantemir;MDA.8_1;2022;2;7092;7092;0;0;148.0;113.0;0.7886350817822899;13.526.508.742.244.700;5593.0;9593.0;0;0;0;0;4.810.013.818.771.480;4.470.606.833.549.050;0;5.0
 Cantemir;MDA.8_1;2022;3;7092;7092;0;0;161.0;119.0;0.8212069937958263;11.355.047.941.342.300;5824.0;8053.0;0;0;0;0;4.924.690.754.577.340;4.887.752.744.200.840;0;5.0
 Cantemir;MDA.8_1;2022;4;7092;7092;0;0;146.0;118.0;0.9362662154540327;2.009.024.252.679.070;6640.0;14248.0;0;0;0;0;5.297.750.274.490.720;52.958.100.269.978.900;0;6.0
 Cantemir;MDA.8_1;2022;5;7092;7092;0;0;174.0;111.0;10.620.417.371.686.400;1.986.040.609.137.050;7532.0;14085.0;0;0;0;0;549.994.490.096.543;5.322.451.064.918.530;0;6.0
 Cantemir;MDA.8_1;2022;6;7092;7092;0;0;153.0;111.0;10.909.475.465.313.000;17.194.021.432.600.100;7737.0;12194.0;0;0;0;0;53.241.558.468.149.800;5.030.779.630.653.750;0;6.0
 Cantemir;MDA.8_1;2022;7;7092;7092;0;0;122.0;90.0;0.9217428087986463;12.397.067.117.879.300;6537.0;8792.0;0;0;0;0;452.890.022.960.836;4.463.054.114.509.610;0;5.0
 Cantemir;MDA.8_1;2022;8;7092;7092;0;0;124.0;101.0;10.466.723.068.245.900;19.767.343.485.617.500;7423.0;14019.0;0;0;0;0;409.674.928.335.864;39.967.760.761.332.800;5.0;6.0
 Cantemir;MDA.8_1;2022;9;7092;7092;0;0;104.0;87.0;0.7078398195149465;14.359.842.075.578.100;5020.0;10184.0;0;0;0;0;35.852.097.181.831.800;3.638.988.303.865.110;0;6.0
 Cantemir;MDA.8_1;2022;10;7092;7092;0;0;73.0;56.0;0.618020304568528;0.8453186689227299;4383.0;5995.0;0;0;0;0;3.074.883.629.534.150;2.965.188.955.434.050;0;5.0
 Cantemir;MDA.8_1;2022;11;7092;7092;0;0;50.0;52.0;0.3877608573040045;0.8013254371122391;2750.0;5683.0;0;0;0;0;22.787.196.228.030.500;2.584.856.205.816.980;0;5.0
 Cantemir;MDA.8_1;2022;12;7092;7092;0;0;46.0;74.0;0.3523688663282572;2.694.867.456.288.770;2499.0;19112.0;0;0;0;0;226.583.636.016.217;395.864.288.887.382;0;6.0
 Causeni;MDA.9_1;2022;1;8177;8177;0;0;116.0;147.0;0.8510456157514981;213.464.595.817.537;6959.0;17455.0;0;0;0;0;5.162.050.182.233.020;65.706.827.972.939.600;0;6.0
 Causeni;MDA.9_1;2022;2;8177;8177;0;0;133.0;135.0;0.731074966369084;13.465.818.759.936.400;5978.0;11011.0;0;0;0;0;5.441.874.180.908.370;5.423.867.858.059.800;0;5.0
 Causeni;MDA.9_1;2022;3;8177;8177;0;0;139.0;154.0;0.8267090620031796;0.9463128286657698;6760.0;7738.0;0;0;0;0;5.656.848.269.097.710;5.677.671.911.817.330;0;0
 Causeni;MDA.9_1;2022;4;8177;8177;0;0;149.0;150.0;0.7210468386938975;10.750.886.633.239.500;5896.0;8791.0;0;0;0;0;6.034.922.499.343.150;5.740.909.362.059.080;0;5.0
 Causeni;MDA.9_1;2022;5;8177;8177;0;0;138.0;128.0;0.8775834658187599;1.817.903.876.727.400;7176.0;14865.0;0;0;0;0;5.578.664.227.566.800;5.280.743.233.463.230;0;6.0
 Causeni;MDA.9_1;2022;6;8177;8177;0;0;133.0;102.0;0.8892014186131834;16.932.860.462.272.200;7271.0;13846.0;0;0;0;0;5.262.320.419.946.370;51.565.531.635.766.800;0;6.0
 Causeni;MDA.9_1;2022;7;8177;8177;0;0;117.0;114.0;0.801883331295096;10.864.620.276.384.900;6557.0;8884.0;0;0;0;0;48.740.157.188.831;4.591.944.807.714.020;0;5.0
 Causeni;MDA.9_1;2022;8;8177;8177;0;0;122.0;114.0;0.922220863397334;1.982.022.746.728.620;7541.0;16207.0;0;0;0;0;4.578.057.161.129.190;461.816.255.467.556;0;6.0
 Causeni;MDA.9_1;2022;9;8177;8177;0;0;108.0;120.0;0.7358444417267946;10.813.256.695.609.600;6017.0;8842.0;0;0;0;0;46.805.160.531.638.300;46.511.535.772.153.700;0;5.0
 Causeni;MDA.9_1;2022;10;8177;8177;0;0;126.0;137.0;0.6513391219273572;0.8690228690228691;5326.0;7106.0;0;0;0;0;4.512.656.204.377.690;4.776.869.428.054.300;0;0
 Causeni;MDA.9_1;2022;11;8177;8177;0;0;120.0;121.0;0.6021768374709551;0.8421181362357832;4924.0;6886.0;0;0;0;0;4.804.288.589.704.040;42.048.146.799.919.400;0;0
 Causeni;MDA.9_1;2022;12;8177;8177;0;0;114.0;103.0;0.614039378745261;32.061.880.885.410.200;5021.0;26217.0;0;0;0;5.0;4.580.425.680.049.680;4.583.367.782.297.190;0;6.0
 Chişinău;MDA.10_1;2022;1;3982;3982;0;0;2238.0;1641.0;9.337.569.060.773.480;9.565.218.483.174.280;371822.0;380887.0;0;0;37.0;35.0;14.840.281.084.234.600;14.449.555.065.021.000;276.0;2.949.000.000.000.000
 Chişinău;MDA.10_1;2022;2;3982;3982;0;0;1525.0;997.0;8.440.231.039.678.550;7.824.535.409.342.030;336090.0;311573.0;0;0;32.0;27.0;12.695.224.219.278.700;11.752.600.328.770.700;2.629.000.000.000.000;2.489.000.000.000.000
 Chişinău;MDA.10_1;2022;3;3982;3982;0;0;1343.0;1173.0;9.122.827.724.761.420;8.997.965.846.308.380;363271.0;358299.0;0;0;34.0;31.0;13.516.907.162.755.900;13.517.415.460.216.300;284.0;2.849.000.000.000.000
 Chişinău;MDA.10_1;2022;4;3982;3982;0;0;1722.0;1166.0;9.395.052.737.317.930;8.177.122.049.221.490;374111.0;325613.0;0;0;37.0;27.0;14.144.186.231.573.000;12.589.693.330.513.400;2.869.000.000.000.000;255.0
 Chişinău;MDA.10_1;2022;5;3982;3982;0;0;1261.0;949.0;8.950.351.582.119.530;8.327.950.778.503.260;356403.0;331619.0;0;0;35.0;31.0;1.315.391.532.299.050;11.759.332.605.832.400;273.0;256.0
 Chişinău;MDA.10_1;2022;6;3982;3982;0;0;996.0;668.0;8.839.578.101.456.550;8.327.523.857.358.110;351992.0;331602.0;0;0;37.0;35.0;12.241.503.603.312.600;11.008.442.760.005.100;270.0;252.0
 Chişinău;MDA.10_1;2022;7;3982;3982;0;0;880.0;748.0;8.133.877.448.518.330;769.841.788.046.208;323891.0;306551.0;0;0;33.0;30.May;11.211.662.731.211.700;10.436.416.750.196.800;250.0;235.0
 Chişinău;MDA.10_1;2022;8;3982;3982;0;0;991.0;870.0;7.836.991.461.577.090;7.173.154.193.872.420;312069.0;285635.0;0;0;32.0;30.0;1.101.642.603.939.650;9.893.697.675.157.890;241.0;212.0
 Chişinău;MDA.10_1;2022;9;3982;3982;0;0;1061.0;1046.0;8.223.581.115.017.570;7.529.131.089.904.570;327463.0;299810.0;0;0;36.0;29.0;11.403.312.406.296.000;1.068.036.121.669.710;2.499.000.000.000.000;223.0
 Chişinău;MDA.10_1;2022;10;3982;3982;0;0;965.0;996.0;7.767.528.879.959.810;7.498.794.575.590.150;309303.0;298602.0;0;0;32.0;27.0;1.106.052.695.514.130;10.826.263.411.771.600;239.0;2.349.000.000.000.000
 Chişinău;MDA.10_1;2022;11;3982;3982;0;0;698.0;585.0;7.365.620.291.310.890;6.736.413.862.380.710;293299.0;268244.0;0;0;31.0;25.0;10.008.574.719.212.700;942.706.438.615.553;2.359.000.000.000.000;214.0
 Chişinău;MDA.10_1;2022;12;3982;3982;0;0;778.0;837.0;7.304.947.262.682.060;7.412.305.374.183.820;290883.0;295158.0;0;0;31.0;25.0;9.893.182.547.028.070;10.910.928.322.789.900;231.0;2.349.000.000.000.000
 Cimişlia;MDA.11_1;2022;1;5400;5400;0;0;79.0;87.0;0.3624074074074074;28.272.222.222.222.200;1957.0;15267.0;0;0;0;0;3.485.041.279.943.190;477.907.860.198.497;0;6.0
 Cimişlia;MDA.11_1;2022;2;5400;5400;0;0;99.0;97.0;0.39740740740740743;0.6466666666666666;2146.0;3492.0;0;0;0;0;3.835.293.308.202.790;386.551.323.792.748;0;0
 Cimişlia;MDA.11_1;2022;3;5400;5400;0;0;94.0;100.0;0.4235185185185185;0.5566666666666666;2287.0;3006.0;0;0;0;0;398.888.300.405.357;37.659.453.586.642.000;0;0
 Cimişlia;MDA.11_1;2022;4;5400;5400;0;0;101.0;104.0;0.44092592592592594;0.9025925925925926;2381.0;4874.0;0;0;0;0;4.320.518.559.634.090;4.196.752.794.626.380;0;5.0
 Cimişlia;MDA.11_1;2022;5;5400;5400;0;0;91.0;94.0;0.5564814814814815;1.099.074.074.074.070;3005.0;5935.0;0;0;0;0;4.295.923.415.332.000;4.266.883.574.572.600;0;5.0
 Cimişlia;MDA.11_1;2022;6;5400;5400;0;0;95.0;101.0;0.56;0.8833333333333333;3024.0;4770.0;0;0;0;0;41.680.566.570.401.000;4.129.848.441.304.850;0;0
 Cimişlia;MDA.11_1;2022;7;5400;5400;0;0;95.0;97.0;0.5175925925925926;0.7107407407407408;2795.0;3838.0;0;0;0;0;3.962.657.373.991.450;4.005.370.862.679.190;0;0
 Cimişlia;MDA.11_1;2022;8;5400;5400;0;0;87.0;91.0;0.6903703703703704;19.601.851.851.851.800;3728.0;10585.0;0;0;0;0;3.907.644.437.255.130;41.557.733.116.182.200;0;5.0
 Cimişlia;MDA.11_1;2022;9;5400;5400;0;0;115.0;79.0;0.44981481481481483;0.7698148148148148;2429.0;4157.0;0;0;0;0;419.449.374.102.337;3.502.826.367.135.400;0;0
 Cimişlia;MDA.11_1;2022;10;5400;5400;0;0;108.0;88.0;0.39481481481481484;0.5753703703703704;2132.0;3107.0;0;0;0;0;36.201.149.668.365.300;34.126.487.013.934.000;0;0
 Cimişlia;MDA.11_1;2022;11;5400;5400;0;0;114.0;50.0;0.3461111111111111;0.5412962962962963;1869.0;2923.0;0;0;0;0;34.983.096.006.111.800;2.597.747.989.300.000;0;0
 Cimişlia;MDA.11_1;2022;12;5400;5400;0;0;96.0;70.0;0.3353703703703704;2.169.259.259.259.250;1811.0;11714.0;0;0;0;0;3.190.716.982.564.540;38.634.876.068.573.300;0;5.0
 Criuleni;MDA.12_1;2022;1;4424;4424;0;0;206.0;158.0;44.086.799.276.672.600;6.473.101.265.822.780;19504.0;28637.0;0;0;0;5.0;1.453.993.927.920.410;12.268.146.310.273.900;8.0;12.0
 Criuleni;MDA.12_1;2022;2;4424;4424;0;0;194.0;173.0;3.523.282.097.649.180;4.202.305.605.786.610;15587.0;18591.0;0;0;0;0;12.055.755.061.207.300;10.331.047.682.653.100;7.0;9.0
 Criuleni;MDA.12_1;2022;3;4424;4424;0;0;178.0;184.0;37.414.104.882.459.300;4.122.739.602.169.980;16552.0;18239.0;0;0;0;0;12.233.415.662.439.300;11.229.686.828.846.300;8.0;10.0
 Criuleni;MDA.12_1;2022;4;4424;4424;0;0;180.0;153.0;36.268.083.182.640.100;5.392.857.142.857.140;16045.0;23858.0;0;0;0;5.0;12.601.207.465.801.400;10.861.523.724.752.100;7.0;11.0
 Criuleni;MDA.12_1;2022;5;4424;4424;0;0;174.0;193.0;4.348.553.345.388.780;6.257.459.312.839.050;19238.0;27683.0;0;0;0;5.0;12.622.102.828.927.000;11.755.724.182.262.400;9.0;12.0
 Criuleni;MDA.12_1;2022;6;4424;4424;0;0;203.0;1110.0;5.013.336.347.197.100;79.269.891.500.904.100;22179.0;35069.0;0;0;0;5.0;13.061.720.685.938.200;3.375.321.101.025.190;10.0;14.0
 Criuleni;MDA.12_1;2022;7;4424;4424;0;0;182.0;194.0;4.642.631.103.074.140;5.274.186.256.781.190;20539.0;23333.0;0;0;0;0;11.932.999.360.106.000;11.218.147.715.708.500;10.0;11.0
 Criuleni;MDA.12_1;2022;8;4424;4424;0;0;137.0;118.0;4.586.799.276.672.690;620.501.808.318.264;20292.0;27451.0;0;0;0;5.0;10.857.500.772.665.200;9.262.583.062.061.560;9.0;10.0
 Criuleni;MDA.12_1;2022;9;4424;4424;0;0;189.0;146.0;38.910.488.245.931.200;4.948.236.889.692.580;17214.0;21891.0;0;0;0;0;11.782.706.064.020.500;9.783.427.260.986.200;8.0;10.0
 Criuleni;MDA.12_1;2022;10;4424;4424;0;0;152.0;149.0;34.134.267.631.103.000;3.858.273.056.057.860;15101.0;17069.0;0;0;0;0;10.224.921.272.088.300;8.916.583.200.354.270;8.0;9.0
 Criuleni;MDA.12_1;2022;11;4424;4424;0;0;149.0;113.0;2.532.775.768.535.260;3.155.515.370.705.240;11205.0;13960.0;0;0;0;0;8.217.588.636.598.520;6.818.179.305.224.410;6.0;8.0
 Criuleni;MDA.12_1;2022;12;4424;4424;0;0;155.0;163.0;26.408.227.848.101.200;7.052.215.189.873.410;11683.0;31199.0;0;0;0;6.0;8.708.254.426.915.480;8.065.074.088.173.390;6.0;10.0
 Donduseni;MDA.13_1;2022;1;5887;5887;0;0;94.0;119.0;12.006.115.169.016.400;21.158.484.797.010.300;7068.0;12456.0;0;0;0;0;40.543.713.770.711.300;4.528.545.839.737.030;5.0;6.0
 Donduseni;MDA.13_1;2022;2;5887;5887;0;0;55.0;62.0;0.29522677085102766;0.5547817224392729;1738.0;3266.0;0;0;0;0;2.400.204.391.962.690;27.490.005.563.587.500;0;0
 Donduseni;MDA.13_1;2022;3;5887;5887;0;0;92.0;99.0;0.31832852046882965;0.5690504501443859;1874.0;3350.0;0;0;0;0;33.019.045.816.913.600;36.703.764.322.955.300;0;0
 Donduseni;MDA.13_1;2022;4;5887;5887;0;0;103.0;102.0;0.44199082724647526;19.889.587.226.091.300;2602.0;11709.0;0;0;0;0;3.937.638.991.429.070;4.728.258.285.776.630;0;6.0
 Donduseni;MDA.13_1;2022;5;5887;5887;0;0;105.0;100.0;0.6013249532869034;16.806.522.846.950.900;3540.0;9894.0;0;0;0;0;47.241.075.412.593.400;4.966.126.575.490.110;0;6.0
 Donduseni;MDA.13_1;2022;6;3619;3619;0;0;71.0;37.0;2.711.246.200.607.900;4.878.419.452.887.530;9812.0;17655.0;2268.0;2268.0;0;5.0;4.279.062.563.731.200;4.514.521.855.914.510;7.0;10.0
 Donduseni;MDA.13_1;2022;7;5887;5887;0;0;87.0;80.0;0.7054526923730253;13.915.406.828.605.400;4153.0;8192.0;0;0;0;0;37.238.472.557.738.000;3.789.575.132.975.620;0;5.0
 Donduseni;MDA.13_1;2022;8;5887;5887;0;0;106.0;93.0;0.8021063359945643;301.987.429.930.355;4722.0;17778.0;0;0;0;5.0;4.115.135.360.107.660;43.063.562.769.148.200;0;6.0
 Donduseni;MDA.13_1;2022;9;5887;5887;0;0;106.0;78.0;0.49108204518430437;0.8331917784949889;2891.0;4905.0;0;0;0;0;3.792.012.422.746.520;348.181.215.073.101;0;5.0
 Donduseni;MDA.13_1;2022;10;5887;5887;0;0;98.0;84.0;0.36487175131646;0.5600475624256838;2148.0;3297.0;0;0;0;0;3.256.235.097.217.740;32.035.981.550.806.300;0;0
 Donduseni;MDA.13_1;2022;11;5887;5887;0;0;94.0;74.0;0.34618651265500255;0.5586886359775777;2038.0;3289.0;0;0;0;0;3.484.891.116.320.900;3.128.510.545.956.220;0;0
 Donduseni;MDA.13_1;2022;12;5887;5887;0;0;154.0;82.0;0.44759639884491254;37.096.993.375.233.500;2635.0;21839.0;0;0;0;5.0;4.247.474.164.028.060;4.179.529.741.266.680;0;6.0
 Drochia;MDA.14_1;2022;1;5258;5258;0;0;108.0;112.0;17.270.825.408.900.700;4.096.234.309.623.430;9081.0;21538.0;0;0;0;5.0;798.933.488.703.986;7.663.959.132.045.190;5.0;7.0
 Drochia;MDA.14_1;2022;2;5258;5258;0;0;83.0;105.0;11.186.763.027.767.200;14.828.832.255.610.400;5882.0;7797.0;0;0;0;0;5.819.197.155.275.290;6.144.342.127.887.890;0;5.0
 Drochia;MDA.14_1;2022;3;5258;5258;0;0;123.0;139.0;13.396.728.794.218.300;1.889.882.084.442.750;7044.0;9937.0;0;0;0;0;7.178.659.895.818.910;7.913.247.312.037.610;0;6.0
 Drochia;MDA.14_1;2022;4;5258;5258;0;0;116.0;115.0;15.454.545.454.545.400;30.509.699.505.515.400;8126.0;16042.0;0;0;0;0;8.058.360.213.780.420;7.642.700.259.727.100;0;7.0
 Drochia;MDA.14_1;2022;5;5258;5258;0;0;121.0;130.0;17.365.918.600.228.200;2.713.008.748.573.600;9131.0;14265.0;0;0;0;0;8.298.746.046.855.280;849.000.856.176.098;0;7.0
 Drochia;MDA.14_1;2022;6;4974;4974;0;0;141.0;182.0;34.698.431.845.597.100;6.196.421.391.234.410;17259.0;30821.0;284.0;284.0;0;6.0;9.170.907.486.447.930;10.217.744.921.400.300;8.0;11.0
 Drochia;MDA.14_1;2022;7;5258;5258;0;0;134.0;126.0;2.227.843.286.420.690;3.095.663.750.475.460;11714.0;16277.0;0;0;0;0;8.608.547.104.635.750;8.411.656.689.634.090;6.0;7.0
 Drochia;MDA.14_1;2022;8;5258;5258;0;0;120.0;108.0;2.205.591.479.650.050;5.100.228.223.659.180;11597.0;26817.0;0;0;0;5.0;7.905.715.267.653.520;6.795.051.391.778.690;6.0;8.0
 Drochia;MDA.14_1;2022;9;5258;5258;0;0;135.0;108.0;17.683.529.859.262.000;1.901.673.640.167.360;9298.0;9999.0;0;0;0;0;8.146.853.137.237.830;633.014.855.803.757;5.0;6.0
 Drochia;MDA.14_1;2022;10;5258;5258;0;0;120.0;116.0;13.649.676.683.149.400;15.420.311.905.667.500;7177.0;8108.0;0;0;0;0;7.459.343.678.260.430;7.077.401.919.905.720;0;5.0
 Drochia;MDA.14_1;2022;11;5258;5258;0;0;122.0;98.0;10.768.352.985.926.200;13.391.023.202.738.600;5662.0;7041.0;0;0;0;0;6.803.062.409.493.570;5.834.055.861.113.740;0;5.0
 Drochia;MDA.14_1;2022;12;5258;5258;0;0;122.0;128.0;1.212.438.189.425.630;4.827.120.578.166.600;6375.0;25381.0;0;0;0;5.0;7.101.793.506.195.650;6.826.823.962.133.260;0;7.0
 Dubăsari;MDA.15_1;2022;1;1879;1879;0;0;340.0;253.0;5.913.783.927.621.070;7.476.849.387.972.320;11112.0;14049.0;2.0;2.0;0;5.0;20.817.768.245.386.200;16.044.024.433.925.200;8.0;11.0
 Dubăsari;MDA.15_1;2022;2;1881;1881;0;0;255.0;191.0;4.358.320.042.530.560;488.782.562.466.773;8198.0;9194.0;0;0;0;0;1.721.188.733.246.970;1.448.442.913.995.100;7.0;10.0
 Dubăsari;MDA.15_1;2022;3;1881;1881;0;0;214.0;197.0;4.429.558.745.348.210;5.011.164.274.322.160;8332.0;9426.0;0;0;0;0;15.807.368.394.272.200;14.808.161.276.052.600;8.0;10.0
 Dubăsari;MDA.15_1;2022;4;1881;1881;0;0;225.0;183.0;4.229.665.071.770.330;5.607.123.870.281.760;7956.0;10547.0;0;0;0;0;16.102.720.252.046.800;13.855.882.057.515.500;7.0;12.0
 Dubăsari;MDA.15_1;2022;5;1881;1881;0;0;215.0;256.0;5.060.074.428.495.480;7.349.813.928.761.290;9518.0;13825.0;0;0;0;5.0;1.728.831.430.718.560;16.263.771.777.384.000;9.0;13.0
 Dubăsari;MDA.15_1;2022;6;1873;1873;0;0;259.0;279.0;6.174.052.322.477.300;8.245.061.398.825.410;11564.0;15443.0;8.0;8.0;0;5.0;20.246.548.405.593.100;21.782.702.483.979.600;11.0;14.0
 Dubăsari;MDA.15_1;2022;7;1881;1881;0;0;190.0;161.0;5.154.704.944.178.620;5.349.813.928.761.290;9696.0;10063.0;0;0;0;0;15.550.606.465.217.600;12.460.033.340.774.100;10.0;11.0
 Dubăsari;MDA.15_1;2022;8;1881;1881;0;0;144.0;124.0;4.693.248.272.195.640;6.477.405.635.300.370;8828.0;12184.0;0;0;0;5.0;11.628.211.954.803.900;9.521.884.743.546.210;9.0;10.0
 Dubăsari;MDA.15_1;2022;9;1881;1881;0;0;150.0;121.0;3.550.239.234.449.760;4.509.835.194.045.720;6678.0;8483.0;0;0;0;0;11.170.171.374.897.200;9.254.338.409.561.010;7.0;10.0
 Dubăsari;MDA.15_1;2022;10;1881;1881;0;0;203.0;185.0;34.098.883.572.567.700;4.399.787.347.155.760;6414.0;8276.0;0;0;0;0;12.699.591.559.246.800;12.480.997.995.335.200;7.0;8.0
 Dubăsari;MDA.15_1;2022;11;1881;1881;0;0;153.0;91.0;2.289.739.500.265.810;37.570.441.254.651.700;4307.0;7067.0;0;0;0;0;937.853.862.254.138;727.780.810.301.679;6.0;7.0
 Dubăsari;MDA.15_1;2022;12;1881;1881;0;0;137.0;76.0;2.349.282.296.650.710;6.448.165.869.218.500;4419.0;12129.0;0;0;0;6.0;9.359.144.122.091.840;6.798.035.655.085.150;6.0;9.0
 Edineţ;MDA.16_1;2022;1;6494;6494;0;0;155.0;169.0;16.207.268.247.613.100;27.436.094.856.790.800;10525.0;17817.0;0;0;0;0;9.489.907.190.924.480;968.029.209.766.088;0;6.0
 Edineţ;MDA.16_1;2022;2;6494;6494;0;0;131.0;118.0;11.618.417.000.307.900;15.012.319.063.751.100;7545.0;9749.0;0;0;0;0;8.274.145.768.620.460;7.574.692.132.968.980;0;5.0
 Edineţ;MDA.16_1;2022;3;6494;6494;0;0;174.0;152.0;13.484.755.158.607.900;1.581.151.832.460.730;8757.0;10268.0;0;0;0;0;9.609.902.755.398.610;8.800.449.467.973.630;0;5.0
 Edineţ;MDA.16_1;2022;4;6494;6494;0;0;206.0;138.0;14.698.182.938.096.700;2.048.352.325.223.280;9545.0;13302.0;0;0;0;0;10.386.328.582.947.400;8.583.516.205.025.060;0;6.0
 Edineţ;MDA.16_1;2022;5;6494;6494;0;0;179.0;120.0;1.526.793.963.658.760;29.554.973.821.989.500;9915.0;19193.0;0;0;0;0;9.876.842.768.577.210;8.819.688.291.655.970;0;7.0
 Edineţ;MDA.16_1;2022;6;3521;3521;0;0;51.0;25.0;10.528.259.017.324.600;5.383.697.813.121.270;3707.0;18956.0;2973.0;2973.0;0;6.0;2.935.942.750.790.780;4.263.496.179.740.120;5.0;11.0
 Edineţ;MDA.16_1;2022;7;6494;6494;0;0;149.0;131.0;1.646.442.870.341.850;21.874.037.573.144.400;10692.0;14205.0;0;0;0;0;8.706.717.781.623.720;8.134.995.612.963.550;5.0;6.0
 Edineţ;MDA.16_1;2022;8;6494;6494;0;0;149.0;109.0;16.860.178.626.424.300;36.974.129.966.122.500;10949.0;24011.0;0;0;0;5.0;8.171.690.810.881.370;7.266.628.038.629.250;5.0;6.0
 Edineţ;MDA.16_1;2022;9;6494;6494;0;0;133.0;112.0;13.058.207.576.224.200;18.808.130.582.075.700;8480.0;12214.0;0;0;0;0;8.016.024.142.387.160;7.060.407.979.845.220;0;5.0
 Edineţ;MDA.16_1;2022;10;6494;6494;0;0;106.0;105.0;10.406.529.103.788.100;12.406.837.080.381.800;6758.0;8057.0;0;0;0;0;7.164.219.038.852.620;6.714.018.395.777.470;0;0
 Edineţ;MDA.16_1;2022;11;6494;6494;0;0;95.0;92.0;0.8758854327071143;10.734.524.176.162.600;5688.0;6971.0;0;0;0;0;6.154.888.733.490.220;4.835.704.824.033.380;0;5.0
 Edineţ;MDA.16_1;2022;12;6494;6494;0;0;99.0;105.0;10.361.872.497.690.100;21.935.632.891.900.200;6729.0;14245.0;0;0;0;0;6.240.786.198.876.700;6.377.408.673.094.420;0;6.0
 Făleşti;MDA.17_1;2022;1;7864;7864;0;0;188.0;95.0;21.655.645.981.688.700;19.829.603.255.340.700;17030.0;15594.0;0;0;0;0;8.316.327.097.971.540;603.705.618.584.931;5.0;6.0
 Făleşti;MDA.17_1;2022;2;7864;7864;0;0;81.0;91.0;0.8546541200406917;12.199.898.270.600.200;6721.0;9594.0;0;0;0;0;4.961.126.474.668.930;5.025.790.777.566.860;0;5.0
 Făleşti;MDA.17_1;2022;3;7864;7864;0;0;78.0;89.0;0.987029501525941;13.433.367.243.133.200;7762.0;10564.0;0;0;0;0;5.578.587.225.133.950;58.985.250.717.375.800;0;5.0
 Făleşti;MDA.17_1;2022;4;7864;7864;0;0;115.0;101.0;1.124.618.514.750.760;3.138.733.468.972.530;8844.0;24683.0;0;0;0;0;62.593.762.207.899.400;62.057.348.221.444.300;0;7.0
 Făleşti;MDA.17_1;2022;5;7864;7864;0;0;95.0;88.0;11.832.400.813.835.100;2.338.377.416.073.240;9305.0;18389.0;0;0;0;0;6.077.627.609.140.120;6.098.323.086.548.750;0;6.0
 Făleşti;MDA.17_1;2022;6;7864;7864;0;0;98.0;96.0;19.313.326.551.373.300;4.823.118.006.103.760;15188.0;37929.0;0;0;0;5.0;6.886.883.234.517.750;6.793.710.037.719.720;5.0;9.0
 Făleşti;MDA.17_1;2022;7;7864;7864;0;0;85.0;80.0;11.216.937.945.066.100;1.492.878.942.014.240;8821.0;11740.0;0;0;0;0;54.429.966.930.769.400;5.203.655.119.709.310;0;5.0
 Făleşti;MDA.17_1;2022;8;7864;7864;0;0;84.0;74.0;1.106.943.031.536.110;28.044.252.288.911.400;8705.0;22054.0;0;0;0;0;5.247.402.362.137.140;4.861.238.381.993.410;0;6.0
 Făleşti;MDA.17_1;2022;9;7864;7864;0;0;82.0;66.0;0.9210325534079349;11.775.178.026.449.600;7243.0;9260.0;0;0;0;0;4.964.215.297.691.000;4.056.257.883.785.820;0;5.0
 Făleşti;MDA.17_1;2022;10;7864;7864;0;0;74.0;70.0;0.7030773143438453;0.7761953204476093;5529.0;6104.0;0;0;0;0;4.137.386.386.969.490;3.858.808.075.886.830;0;0
 Făleşti;MDA.17_1;2022;11;7864;7864;0;0;74.0;70.0;0.616353001017294;0.8794506612410987;4847.0;6916.0;0;0;0;0;4.023.575.251.967.940;3.975.921.283.712.720;0;0
 Făleşti;MDA.17_1;2022;12;7864;7864;0;0;71.0;76.0;0.9551119023397762;25.822.736.520.854.500;7511.0;20307.0;0;0;0;0;4.234.437.645.021.290;4.588.687.061.736.380;0;6.0
 Floreşti;MDA.18_1;2022;1;7689;7689;0;0;64.0;65.0;0.7253218884120172;20.594.355.572.896.300;5577.0;15835.0;0;0;0;0;4.243.772.909.728.010;4.386.779.431.663.700;0;6.0
 Floreşti;MDA.18_1;2022;2;7689;7689;0;0;70.0;70.0;0.5882429444661205;10.083.235.791.390.200;4523.0;7753.0;0;0;0;0;38.958.741.638.236.300;4.146.891.044.036.950;0;5.0
 Floreşti;MDA.18_1;2022;3;7689;7689;0;0;113.0;91.0;0.6890362856028092;0.9664455715957861;5298.0;7431.0;0;0;0;0;4.309.877.076.673.160;4.376.442.674.385.060;0;0
 Floreşti;MDA.18_1;2022;4;7689;7689;0;0;63.0;70.0;0.666406554818572;13.484.198.205.228.200;5124.0;10368.0;0;0;0;0;4.149.773.262.661.560;4.190.911.384.955.330;0;5.0
 Floreşti;MDA.18_1;2022;5;7689;7689;0;0;89.0;96.0;0.8080374561061257;16.844.843.282.611.500;6213.0;12952.0;0;0;0;0;4.294.265.447.645.680;4.749.910.965.349.120;0;6.0
 Floreşti;MDA.18_1;2022;6;7431;7431;0;0;73.0;79.0;15.615.664.109.810.200;444.798.815.771.767;11604.0;33053.0;258.0;258.0;0;5.0;5.143.867.286.292.760;6.077.634.901.801.070;6.0;10.0
 Floreşti;MDA.18_1;2022;7;7689;7689;0;0;88.0;72.0;0.9655351801274548;15.206.138.639.615.000;7424.0;11692.0;0;0;0;0;4.476.058.285.925.280;4.630.992.287.819.970;0;5.0
 Floreşti;MDA.18_1;2022;8;7689;7689;0;0;78.0;74.0;0.9994797763038107;33.558.330.081.935.200;7685.0;25803.0;0;0;0;5.0;41.340.837.810.122.200;4.211.016.784.632.980;5.0;6.0
 Floreşti;MDA.18_1;2022;9;7689;7689;0;0;90.0;66.0;0.7064637794251528;1.013.005.592.404.730;5432.0;7789.0;0;0;0;0;39.290.840.852.892.500;37.013.756.909.507.400;0;5.0
 Floreşti;MDA.18_1;2022;10;7689;7689;0;0;54.0;53.0;0.5702952269475875;0.7142671348679932;4385.0;5492.0;0;0;0;0;353.942.651.401.314;3.486.988.707.351.240;0;0
 Floreşti;MDA.18_1;2022;11;7689;7689;0;0;52.0;49.0;0.4834178696839641;1.016.777.214.202.100;3717.0;7818.0;0;0;0;0;3.256.258.133.888.470;34.977.434.663.138.100;0;5.0
 Floreşti;MDA.18_1;2022;12;7689;7689;0;0;51.0;70.0;0.511640005202237;29.794.511.640.005.200;3934.0;22909.0;0;0;0;0;3.240.705.633.489.520;4.205.149.431.120.840;0;6.0
 Găgăuzia;MDA.19_1;2022;1;12807;12807;0;0;272.0;250.0;21.509.330.834.699.700;3.920.824.549.074.720;27547.0;50214.0;0;0;0;0;12.414.747.922.669.200;12.916.824.679.869.100;0;8.0
 Găgăuzia;MDA.19_1;2022;2;12806;12806;0;0;255.0;258.0;2.266.515.695.767.600;26.310.323.285.959.700;29025.0;33693.0;1.0;1.0;0;0;1.246.901.949.347.720;117.921.825.744.769;0;6.0
 Găgăuzia;MDA.19_1;2022;3;12807;12807;0;0;250.0;264.0;23.893.183.415.319.700;25.562.582.962.442.400;30600.0;32738.0;0;0;0;0;1.285.442.593.065.910;12.546.063.220.878.400;0;5.0
 Găgăuzia;MDA.19_1;2022;4;12807;12807;0;0;237.0;245.0;25.749.199.656.437.800;32.414.304.677.129.600;32977.0;41513.0;0;0;0;0;13.150.170.434.422.400;12.257.503.353.413.900;5.0;7.0
 Găgăuzia;MDA.19_1;2022;5;12807;12807;0;0;245.0;282.0;2.522.214.413.992.340;31.159.522.136.331.600;32302.0;39906.0;0;0;0;0;12.977.470.040.957.500;12.266.435.253.256.800;0;7.0
 Găgăuzia;MDA.19_1;2022;6;12807;12807;0;0;252.0;261.0;2.676.348.871.710.780;3.282.267.509.955.490;34276.0;42036.0;0;0;0;0;12.715.129.228.152.200;12.039.505.139.213.600;5.0;7.0
 Găgăuzia;MDA.19_1;2022;7;12807;12807;0;0;252.0;245.0;2.485.828.062.778.160;2.695.244.788.006.550;31836.0;34518.0;0;0;0;0;12.048.259.255.541.100;115.666.378.765.653;5.0;6.0
 Găgăuzia;MDA.19_1;2022;8;12807;12807;0;0;229.0;215.0;2.500.976.028.734.280;29.023.971.265.714.000;32030.0;37171.0;0;0;0;0;10.754.185.850.048.600;1.006.441.344.184.230;6.0;6.0
 Găgăuzia;MDA.19_1;2022;9;12807;12807;0;0;239.0;231.0;2.225.501.678.769.420;2.370.969.001.327.390;28502.0;30365.0;0;0;0;0;11.191.151.841.113.500;10.160.654.252.782.700;5.0;6.0
 Găgăuzia;MDA.19_1;2022;10;12807;12807;0;0;240.0;244.0;21.471.070.508.315.700;23.224.798.938.080.700;27498.0;29744.0;0;0;0;0;11.215.552.573.531.500;10.839.207.402.695.600;5.0;6.0
 Găgăuzia;MDA.19_1;2022;11;12807;12807;0;0;253.0;135.0;2.073.709.690.013.270;21.976.262.981.182.100;26558.0;28145.0;0;0;0;0;11.303.290.683.022.500;8.661.569.432.088.870;0;6.0
 Găgăuzia;MDA.19_1;2022;12;12807;12807;0;0;252.0;203.0;19.483.876.005.309.500;493.183.415.319.747;24953.0;63162.0;0;0;0;5.0;10.747.210.272.116.500;9.901.385.750.305.460;0;7.0
 Glodeni;MDA.20_1;2022;1;5561;5561;0;0;47.0;55.0;0.3627045495414494;0.7047293652220824;2017.0;3919.0;0;0;0;0;23.943.012.469.928.100;2.433.032.789.668.180;0;5.0
 Glodeni;MDA.20_1;2022;2;5561;5561;0;0;34.0;37.0;0.16651681352274772;0.37745009890307496;926.0;2099.0;0;0;0;0;1.393.062.513.607.530;18.832.461.654.905.800;0;0
 Glodeni;MDA.20_1;2022;3;5561;5561;0;0;49.0;43.0;0.2296349577414134;0.42977881675957563;1277.0;2390.0;0;0;0;0;19.052.240.884.900.500;22.171.629.749.762.500;0;0
 Glodeni;MDA.20_1;2022;4;5561;5561;0;0;66.0;42.0;0.24330156446682252;16.320.805.610.501.700;1353.0;9076.0;0;0;0;0;20.290.026.668.794.600;30.113.146.586.449.000;0;6.0
 Glodeni;MDA.20_1;2022;5;5561;5561;0;0;54.0;38.0;0.28933645027872684;13.049.811.185.038.600;1609.0;7257.0;0;0;0;0;2.011.719.737.263.370;3.038.823.062.872.830;0;5.0
 Glodeni;MDA.20_1;2022;6;4707;4707;0;0;48.0;31.0;0.6981091990652221;429.594.221.372.424;3286.0;20221.0;854.0;854.0;0;5.0;2.513.866.923.960.230;41.247.992.784.863.600;5.0;9.0
 Glodeni;MDA.20_1;2022;7;5561;5561;0;0;43.0;42.0;0.3997482467182161;0.8284481208415753;2223.0;4607.0;0;0;0;0;19.806.817.256.847.900;2.518.135.604.872.160;0;5.0
 Glodeni;MDA.20_1;2022;8;5561;5561;0;0;34.0;29.0;0.44524366121201225;24.303.182.880.776.800;2476.0;13515.0;0;0;0;0;20.164.570.483.954.100;3.055.361.872.045.210;0;6.0
 Glodeni;MDA.20_1;2022;9;5561;5561;0;0;47.0;32.0;0.30731882754900197;0.6105017083258407;1709.0;3395.0;0;0;0;0;19.969.312.963.542.400;22.279.044.232.384.300;0;0
 Glodeni;MDA.20_1;2022;10;5561;5561;0;0;48.0;37.0;0.17478870706707428;0.2589462326919619;972.0;1440.0;0;0;0;0;15.857.725.520.126.000;16.375.997.795.886.800;0;0
 Glodeni;MDA.20_1;2022;11;5561;5561;0;0;37.0;40.0;0.1587843912965294;0.6621111310915303;883.0;3682.0;0;0;0;0;14.670.629.096.048.300;21.460.814.696.550.700;0;5.0
 Glodeni;MDA.20_1;2022;12;5561;5561;0;0;37.0;37.0;0.4006473655817299;22.965.294.011.868.300;2228.0;12771.0;0;0;0;0;20.890.685.621.106.400;3.066.663.953.531.900;0;6.0
 Hîncesti;MDA.21_1;2022;1;8570;8570;0;0;368.0;449.0;28.536.756.126.021.000;5.032.438.739.789.960;24456.0;43128.0;0;0;0;5.0;13.827.266.238.272.100;14.876.774.996.929.100;6.0;8.0
 Hîncesti;MDA.21_1;2022;2;8570;8570;0;0;302.0;290.0;11.023.337.222.870.400;17.016.336.056.009.300;9447.0;14583.0;0;0;0;0;10.405.440.488.190.400;10.211.920.626.678.900;0;5.0
 Hîncesti;MDA.21_1;2022;3;8570;8570;0;0;325.0;347.0;12.305.717.619.603.200;14.882.147.024.504.000;10546.0;12754.0;0;0;0;0;12.074.508.043.003.400;12.243.938.846.206.900;0;0
 Hîncesti;MDA.21_1;2022;4;8570;8570;0;0;334.0;360.0;12.820.303.383.897.300;2.052.275.379.229.870;10987.0;17588.0;0;0;0;0;12.094.162.515.013.900;11.354.100.008.573.100;0;6.0
 Hîncesti;MDA.21_1;2022;5;8570;8570;0;0;321.0;337.0;1.418.203.033.838.970;2.367.561.260.210.030;12154.0;20290.0;0;0;0;0;11.792.988.643.044.300;11.191.679.804.793.100;0;6.0
 Hîncesti;MDA.21_1;2022;6;8570;8570;0;0;307.0;341.0;14.921.820.303.383.800;21.584.597.432.905.400;12788.0;18498.0;0;0;0;0;11.080.694.661.823.700;10.774.731.729.157.300;0;6.0
 Hîncesti;MDA.21_1;2022;7;8570;8570;0;0;298.0;294.0;13.350.058.343.057.100;15.837.806.301.050.100;11441.0;13573.0;0;0;0;0;10.195.310.875.909.600;987.434.676.809.396;0;5.0
 Hîncesti;MDA.21_1;2022;8;8570;8570;0;0;293.0;291.0;13.900.816.802.800.400;3.640.140.023.337.220;11913.0;31196.0;0;0;0;5.0;9.627.829.150.905.330;9.238.801.236.548.210;0;6.0
 Hîncesti;MDA.21_1;2022;9;8570;8570;0;0;303.0;295.0;12.016.336.056.009.300;17.017.502.917.152.800;10298.0;14584.0;0;0;0;0;10.681.675.915.565.400;99.383.494.807.768;0;5.0
 Hîncesti;MDA.21_1;2022;10;8570;8570;0;0;294.0;269.0;12.540.256.709.451.500;14.719.953.325.554.200;10747.0;12615.0;0;0;0;0;10.529.416.404.292.100;9.576.503.838.750.710;0;5.0
 Hîncesti;MDA.21_1;2022;11;8570;8570;0;0;236.0;246.0;0.9583430571761961;16.493.582.263.710.600;8213.0;14135.0;0;0;0;0;8.303.533.771.865.730;8.231.873.913.608.620;0;5.0
 Hîncesti;MDA.21_1;2022;12;8570;8570;0;0;239.0;277.0;0.9379229871645274;3.755.892.648.774.790;8038.0;32188.0;0;0;0;5.0;8.392.132.331.391.180;8.815.450.842.776.250;0;6.0
 Ialoveni;MDA.22_1;2022;1;5553;5553;0;0;190.0;165.0;4.889.969.385.917.520;8.178.642.175.400.680;27154.0;45416.0;0;0;0;5.0;14.536.724.677.886.300;13.566.138.732.462.100;12.0;16.0
 Ialoveni;MDA.22_1;2022;2;5553;5553;0;0;158.0;145.0;4.303.979.830.722.130;5.159.373.311.723.390;23900.0;28650.0;0;0;0;0;12.415.758.867.650.100;1.160.363.426.786.730;11.0;12.0
 Ialoveni;MDA.22_1;2022;3;5553;5553;0;0;154.0;187.0;4.455.969.746.083.190;4.791.644.156.311.900;24744.0;26608.0;0;0;0;0;13.460.733.087.121.800;13.089.710.632.907.100;11.0;12.0
 Ialoveni;MDA.22_1;2022;4;5553;5553;0;0;156.0;188.0;45.056.726.094.003.200;5.446.425.355.663.600;25020.0;30244.0;0;0;0;0;14.055.561.528.763.300;12.442.370.749.545.100;11.0;12.0
 Ialoveni;MDA.22_1;2022;5;5553;5553;0;0;177.0;176.0;516.549.612.821.898;696.578.426.075.995;28684.0;38681.0;0;0;0;5.0;14.653.073.787.206.500;13.424.200.759.750.800;13.800.000.000.000.100;16.0
 Ialoveni;MDA.22_1;2022;6;5553;5553;0;0;161.0;173.0;5.562.398.703.403.560;66.374.932.468.935.700;30888.0;36858.0;0;0;0;0;14.816.098.369.931.400;1.302.445.630.633.510;16.0;17.0
 Ialoveni;MDA.22_1;2022;7;5553;5553;0;0;158.0;163.0;49.798.307.221.321.800;5.224.743.381.955.690;27653.0;29013.0;0;0;0;0;13.154.744.967.209.600;12.163.774.663.201.500;16.0;14.0
 Ialoveni;MDA.22_1;2022;8;5553;5553;0;0;128.0;121.0;519.412.929.947.776;7.075.994.957.680.530;28843.0;39293.0;0;0;0;5.0;12.210.713.240.795.500;10.479.258.669.374.100;14.0;13.0
 Ialoveni;MDA.22_1;2022;9;5553;5553;0;0;127.0;114.0;4.472.717.450.027.010;5.185.125.157.572.480;24837.0;28793.0;0;0;0;0;12.336.845.300.593.200;10.099.840.967.219.300;13.0;13.0
 Ialoveni;MDA.22_1;2022;10;5553;5553;0;0;122.0;116.0;3.715.829.281.469.470;39.490.365.568.161.300;20634.0;21929.0;0;0;0;0;10.175.177.143.168.500;9.245.696.623.780.780;11.0;10.0
 Ialoveni;MDA.22_1;2022;11;5553;5553;0;0;80.0;77.0;27.035.836.484.783;3.398.343.237.889.420;15013.0;18871.0;0;0;0;0;7.865.839.982.172.190;6.702.830.932.520.710;8.0;9.0
 Ialoveni;MDA.22_1;2022;12;5553;5553;0;0;77.0;89.0;25.715.829.281.469.400;53.763.731.316.405.500;14280.0;29855.0;0;0;0;5.0;7.265.089.314.107.040;6.819.392.958.557.630;8.0;10.0
 Leova;MDA.23_1;2022;1;5015;5015;0;0;84.0;69.0;0.6305084745762712;2.901.495.513.459.620;3162.0;14551.0;0;0;0;0;4.586.953.891.491.600;4.252.764.950.893.370;0;6.0
 Leova;MDA.23_1;2022;2;5015;5015;0;0;81.0;79.0;0.2817547357926221;0.5353938185443669;1413.0;2685.0;0;0;0;0;31.168.944.509.895.000;3.225.010.301.550.420;0;0
 Leova;MDA.23_1;2022;3;5015;5015;0;0;85.0;85.0;0.32901296111665007;0.41256231306081753;1650.0;2069.0;0;0;0;0;36.621.839.044.457.500;34.876.054.163.615.900;0;0
 Leova;MDA.23_1;2022;4;5015;5015;0;0;88.0;82.0;0.3136590229312064;0.7048853439680958;1573.0;3535.0;0;0;0;0;3.461.038.357.465.900;35.571.177.660.305.700;0;0
 Leova;MDA.23_1;2022;5;5015;5015;0;0;99.0;74.0;0.40837487537387834;0.9449651046859422;2048.0;4739.0;0;0;0;0;3.994.503.907.451.700;36.920.547.489.130.900;0;5.0
 Leova;MDA.23_1;2022;6;5015;5015;0;0;109.0;89.0;0.41994017946161516;0.6717846460618145;2106.0;3369.0;0;0;0;0;38.167.810.709.000.800;34.578.723.028.612.300;0;0
 Leova;MDA.23_1;2022;7;5015;5015;0;0;93.0;73.0;0.35373878364905287;0.5098703888334996;1774.0;2557.0;0;0;0;0;32.455.035.970.962.900;3.052.457.990.505.210;0;0
 Leova;MDA.23_1;2022;8;5015;5015;0;0;90.0;56.0;0.44965104685942175;2.149.950.149.551.340;2255.0;10782.0;0;0;0;0;32.059.589.609.488.900;34.234.321.716.671.200;0;5.0
 Leova;MDA.23_1;2022;9;5015;5015;0;0;112.0;63.0;0.3395812562313061;0.6089730807577268;1703.0;3054.0;0;0;0;0;35.912.459.511.543.500;3.056.796.889.001.840;0;0
 Leova;MDA.23_1;2022;10;5015;5015;0;0;84.0;72.0;0.2576271186440678;0.38444666001994016;1292.0;1928.0;0;0;0;0;27.722.864.994.867.700;27.556.083.241.614.200;0;0
 Leova;MDA.23_1;2022;11;5015;5015;0;0;79.0;49.0;0.19900299102691923;0.4087736789631107;998.0;2050.0;0;0;0;0;25.071.540.715.272.900;2.283.060.598.087.900;0;0
 Leova;MDA.23_1;2022;12;5015;5015;0;0;63.0;55.0;0.1818544366899302;17.940.179.461.615.100;912.0;8997.0;0;0;0;0;22.717.717.557.047.100;33.265.666.940.206.700;0;5.0
 Nisporeni;MDA.24_1;2022;1;5629;5629;0;0;149.0;48.0;2.138.390.477.882.390;26.887.546.633.505.000;12037.0;15135.0;0;0;0;0;6.372.897.314.750.500;4.318.520.316.534.200;6.0;7.0
 Nisporeni;MDA.24_1;2022;2;5629;5629;0;0;49.0;45.0;0.4405755906910641;10.001.776.514.478.500;2480.0;5630.0;0;0;0;0;2.718.359.460.245.280;30.564.360.543.157.500;0;5.0
 Nisporeni;MDA.24_1;2022;3;5629;5629;0;0;56.0;49.0;0.4551430094155267;0.6612186889323148;2562.0;3722.0;0;0;0;0;293.586.092.593.325;3.057.306.165.189.450;0;0
 Nisporeni;MDA.24_1;2022;4;5629;5629;0;0;66.0;87.0;0.4894297388523716;13.826.612.186.889.300;2755.0;7783.0;0;0;0;0;340.175.988.931.438;41.942.898.636.673.400;0;5.0
 Nisporeni;MDA.24_1;2022;5;5629;5629;0;0;122.0;78.0;0.6759637591046367;17.278.379.818.795.500;3805.0;9726.0;0;0;0;0;4.327.032.651.194.860;4.620.873.181.791.810;0;6.0
 Nisporeni;MDA.24_1;2022;6;5629;5629;0;0;92.0;60.0;0.9600284242316575;23.004.085.983.300.700;5404.0;12949.0;0;0;0;0;3.977.017.078.410.710;4.428.885.968.508.420;5.0;6.0
 Nisporeni;MDA.24_1;2022;7;5629;5629;0;0;85.0;54.0;0.6294190797655;0.8495292236631728;3543.0;4782.0;0;0;0;0;3.368.971.312.290.470;3.265.629.601.522.570;0;0
 Nisporeni;MDA.24_1;2022;8;5629;5629;0;0;98.0;46.0;0.6413217267720732;32.053.650.737.253.500;3610.0;18043.0;0;0;0;5.0;3.590.982.482.598.230;3.583.845.784.686.600;0;6.0
 Nisporeni;MDA.24_1;2022;9;5629;5629;0;0;79.0;41.0;0.48587670989518567;0.988807958784864;2735.0;5566.0;0;0;0;0;3.056.701.301.353.870;2.984.126.147.644.660;0;5.0
 Nisporeni;MDA.24_1;2022;10;5629;5629;0;0;58.0;50.0;0.3791081897317463;0.5803872801563332;2134.0;3267.0;0;0;0;0;26.211.278.955.555;254.352.325.070.287;0;0
 Nisporeni;MDA.24_1;2022;11;5629;5629;0;0;57.0;37.0;0.3263457097175342;0.8841712559957363;1837.0;4977.0;0;0;0;0;24.547.604.376.810.600;25.803.306.328.783.800;0;5.0
 Nisporeni;MDA.24_1;2022;12;5629;5629;0;0;57.0;48.0;0.3147983656066797;32.417.836.205.365.000;1772.0;18248.0;0;0;0;5.0;2.379.599.492.768.510;3.282.027.711.139.370;0;6.0
 Ocniţa;MDA.25_1;2022;1;4594;4594;0;0;119.0;102.0;27.113.626.469.307.700;4.617.109.272.964.730;12456.0;21211.0;0;0;0;5.0;8.080.128.573.778.510;8.554.054.801.702.650;7.0;9.0
 Ocniţa;MDA.25_1;2022;2;4594;4594;0;0;102.0;184.0;1.545.929.473.225.940;2.035.481.062.255.110;7102.0;9351.0;0;0;0;0;7.773.412.945.447.470;825.828.190.241.312;0;6.0
 Ocniţa;MDA.25_1;2022;3;4594;4594;0;0;141.0;122.0;1.609.272.964.736.610;2.001.523.726.599.910;7393.0;9195.0;0;0;0;0;8.380.892.880.269.320;7.983.207.633.617.200;0;6.0
 Ocniţa;MDA.25_1;2022;4;4594;4594;0;0;151.0;114.0;18.794.079.233.783.100;2.850.674.793.208.530;8634.0;13096.0;0;0;0;0;9.776.821.629.848.770;79.592.120.164.334.300;0;8.0
 Ocniţa;MDA.25_1;2022;5;4594;4594;0;0;133.0;119.0;17.718.763.604.701.700;25.106.660.861.993.900;8140.0;11534.0;0;0;0;0;8.474.897.328.275.370;7.840.791.406.110.410;5.0;7.0
 Ocniţa;MDA.25_1;2022;6;2385;2385;0;0;68.0;68.0;6.426.415.094.339.620;6.763.522.012.578.610;15327.0;16131.0;2209.0;2209.0;6.0;6.0;8.378.752.598.979.660;8.329.197.122.312.900;12.0;12.0
 Ocniţa;MDA.25_1;2022;7;4594;4594;0;0;126.0;116.0;20.078.363.082.281.200;2.713.539.399.216.360;9224.0;12466.0;0;0;0;0;8.239.209.350.486.070;76.090.965.004.807.400;6.0;7.0
 Ocniţa;MDA.25_1;2022;8;4594;4594;0;0;110.0;97.0;2.001.088.376.142.790;40.230.735.742.272.500;9193.0;18482.0;0;0;0;5.0;7.263.211.650.667.640;6.441.146.340.017.110;6.0;7.0
 Ocniţa;MDA.25_1;2022;9;4594;4594;0;0;121.0;105.0;16.295.167.609.925.900;20.502.829.777.971.200;7486.0;9419.0;0;0;0;0;7.884.194.434.581.330;6.376.781.331.228.610;0;6.0
 Ocniţa;MDA.25_1;2022;10;4594;4594;0;0;110.0;101.0;12.694.819.329.560.200;14.079.233.783.195.400;5832.0;6468.0;0;0;0;0;6.621.628.874.554.140;6.091.158.325.758.910;0;5.0
 Ocniţa;MDA.25_1;2022;11;4594;4594;0;0;84.0;78.0;10.091.423.595.994.700;14.897.692.642.577.200;4636.0;6844.0;0;0;0;0;546.412.720.540.702;51.420.826.697.672.700;0;5.0
 Ocniţa;MDA.25_1;2022;12;4594;4594;0;0;96.0;78.0;0.8972572921201567;2.047.017.849.368.740;4122.0;9404.0;0;0;0;0;5.575.099.840.620.480;4.992.110.539.780.540;0;6.0
 Orhei;MDA.26_1;2022;1;7390;7390;0;0;407.0;524.0;852.746.955.345.061;8.619.756.427.604.870;63018.0;63700.0;0;0;0;5.0;25.224.705.771.978.800;22.464.338.045.841.200;22.0;20.0
 Orhei;MDA.26_1;2022;2;7390;7390;0;0;309.0;303.0;5.0;5.386.197.564.276.040;36950.0;39804.0;0;0;0;0;18.824.120.075.505.500;16.397.852.066.309.500;10.0;12.0
 Orhei;MDA.26_1;2022;3;7390;7390;0;0;320.0;363.0;5.257.510.148.849.790;58.177.266.576.454.600;38853.0;42993.0;0;0;0;0;19.142.832.398.340.400;1.897.382.099.973.230;10.0;13.0
 Orhei;MDA.26_1;2022;4;7390;7390;0;0;376.0;308.0;5.582.273.342.354.530;6.483.491.204.330.170;41253.0;47913.0;0;0;0;0;2.039.042.293.505.980;1.804.279.788.740.670;14.100.000.000.000.300;15.0
 Orhei;MDA.26_1;2022;5;7390;7390;0;0;376.0;282.0;56.653.585.926.928.200;7.427.063.599.458.720;41867.0;54886.0;0;0;0;5.0;19.324.336.048.301.200;1.695.821.573.228.580;17.0;17.0
 Orhei;MDA.26_1;2022;6;7390;7390;0;0;305.0;229.0;573.382.949.932.341;7.042.219.215.155.610;42373.0;52042.0;0;0;0;5.0;1.804.746.951.710.760;15.247.941.042.509.300;16.0;16.0
 Orhei;MDA.26_1;2022;7;7390;7390;0;0;276.0;228.0;5.273.883.626.522.320;5.723.815.967.523.680;38974.0;42299.0;0;0;0;0;17.038.250.605.610.300;1.537.465.054.396.620;14.0;14.0
 Orhei;MDA.26_1;2022;8;7390;7390;0;0;260.0;247.0;5.318.132.611.637.340;7.474.289.580.514.200;39301.0;55235.0;0;0;0;5.0;16.064.884.802.318.900;13.892.709.973.045.800;15.0;15.0
 Orhei;MDA.26_1;2022;9;7390;7390;0;0;284.0;282.0;4.903.247.631.935.040;5.412.719.891.745.600;36235.0;40000.0;0;0;0;0;15.900.135.836.803.400;14.346.632.824.012.500;14.0;13.0
 Orhei;MDA.26_1;2022;10;7390;7390;0;0;282.0;256.0;4.295.669.824.086.600;4.868.606.224.627.870;31745.0;35979.0;0;0;0;0;15.030.960.206.879.000;14.376.069.315.498.600;10.0;11.0
 Orhei;MDA.26_1;2022;11;7390;7390;0;0;267.0;229.0;4.233.964.817.320.700;5.416.644.113.667.110;31289.0;40029.0;0;0;0;0;15.612.980.247.533.000;14.879.444.061.695.200;8.100.000.000.000.360;11.0
 Orhei;MDA.26_1;2022;12;7390;7390;0;0;267.0;312.0;4.087.550.744.248.980;7.405.412.719.891.740;30207.0;54726.0;0;0;0;5.0;15.172.701.586.494.400;14.135.959.690.051.300;8.0;12.0
 Rezina;MDA.27_1;2022;1;4846;4846;0;0;125.0;119.0;14.727.610.400.330.100;21.817.994.222.038.700;7137.0;10573.0;0;0;0;0;8.279.450.423.199.070;6.754.995.930.300.290;0;6.0
 Rezina;MDA.27_1;2022;2;4846;4846;0;0;120.0;127.0;13.227.404.044.572.800;19.558.398.679.323.100;6410.0;9478.0;0;0;0;0;7.842.617.654.394.130;7.213.284.932.360.740;0;6.0
 Rezina;MDA.27_1;2022;3;4846;4846;0;0;171.0;141.0;1.478.332.645.480.800;17.102.765.167.148.100;7164.0;8288.0;0;0;0;0;8.449.031.781.044.360;7.715.419.545.815.130;0;5.0
 Rezina;MDA.27_1;2022;4;4846;4846;0;0;137.0;126.0;13.617.416.425.918.200;2.082.955.014.444.900;6599.0;10094.0;0;0;0;0;77.486.418.191.436.500;7.119.762.189.627.800;0;6.0
 Rezina;MDA.27_1;2022;5;4846;4846;0;0;131.0;122.0;14.981.427.981.840.600;27.666.116.384.647.100;7260.0;13407.0;0;0;0;0;7.928.897.336.749.900;74.903.850.566.003.500;0;7.0
 Rezina;MDA.27_1;2022;6;4846;4846;0;0;150.0;118.0;19.909.203.466.776.700;4.452.538.175.815.100;9648.0;21577.0;0;0;0;0;8.880.501.677.751.430;916.979.492.892.139;5.0;10.0
 Rezina;MDA.27_1;2022;7;4846;4846;0;0;107.0;91.0;16.427.981.840.693.300;2.238.753.611.225.750;7961.0;10849.0;0;0;0;0;7.179.967.713.824.980;6.393.912.868.089.110;5.0;7.0
 Rezina;MDA.27_1;2022;8;4846;4846;0;0;137.0;82.0;16.351.630.210.482.800;38.829.962.855.963.600;7924.0;18817.0;0;0;0;5.0;7.183.448.558.066.190;6.151.691.278.907.700;5.0;7.0
 Rezina;MDA.27_1;2022;9;4846;4846;0;0;105.0;88.0;1.377.424.680.148.570;1.852.455.633.512.170;6675.0;8977.0;0;0;0;0;6.901.743.788.755.930;56.485.584.444.715.600;0;6.0
 Rezina;MDA.27_1;2022;10;4846;4846;0;0;79.0;67.0;10.030.953.363.598.800;1.192.117.210.070.160;4861.0;5777.0;0;0;0;0;5.403.277.646.121.860;4.908.072.365.534.230;0;5.0
 Rezina;MDA.27_1;2022;11;4846;4846;0;0;83.0;84.0;0.7546430045398267;13.962.030.540.652.000;3657.0;6766.0;0;0;0;0;4.122.837.119.337.510;4.076.529.818.910.250;0;5.0
 Rezina;MDA.27_1;2022;12;4846;4846;0;0;61.0;85.0;0.7548493602971523;3.509.492.364.836.970;3658.0;17007.0;0;0;0;5.0;4.012.638.952.869.030;5.352.437.689.330.240;0;6.0
 Rîşcani;MDA.28_1;2022;1;7382;7382;0;0;131.0;97.0;0.41370902194527226;1.271.606.610.674.610;3054.0;9387.0;0;0;0;0;4.125.676.264.475.290;4.209.535.381.241.920;0;5.0
 Rîşcani;MDA.28_1;2022;2;7375;7375;0;0;131.0;102.0;0.3464406779661017;0.6208813559322034;2555.0;4579.0;7.0;7.0;0;0;35.748.242.875.921.600;34.725.457.719.756.400;0;0
 Rîşcani;MDA.28_1;2022;3;7382;7382;0;0;125.0;125.0;0.45069086968301275;0.7892170143592523;3327.0;5826.0;0;0;0;0;4.046.993.516.948.240;4.294.812.066.282.380;0;0
 Rîşcani;MDA.28_1;2022;4;7382;7382;0;0;129.0;110.0;0.5494445949607153;16.823.354.104.578.700;4056.0;12419.0;0;0;0;0;4.523.688.406.977.100;46.939.967.617.983;0;6.0
 Rîşcani;MDA.28_1;2022;5;7382;7382;0;0;109.0;99.0;0.6170414521809807;14.834.733.134.651.800;4555.0;10951.0;0;0;0;0;49.610.563.613.179;4.708.855.997.964.850;0;5.0
 Rîşcani;MDA.28_1;2022;6;6155;6155;0;0;112.0;97.0;14.146.222.583.265.600;4.726.563.769.293.250;8707.0;29092.0;1227.0;1227.0;0;5.0;5.736.537.363.736.800;59.713.478.731.533.400;5.0;10.0
 Rîşcani;MDA.28_1;2022;7;7380;7380;0;0;85.0;80.0;0.779539295392954;13.420.054.200.542.000;5753.0;9904.0;2.0;2.0;0;0;4.095.544.383.667.610;4.079.640.412.706.680;0;5.0
 Rîşcani;MDA.28_1;2022;8;7382;7382;0;0;91.0;83.0;0.8299918721213764;2.737.875.914.386.340;6127.0;20211.0;0;0;0;0;3.953.838.896.701.080;4.113.596.112.167.120;0;6.0
 Rîşcani;MDA.28_1;2022;9;7382;7382;0;0;96.0;85.0;0.6173123814684367;10.773.503.115.686.800;4557.0;7953.0;0;0;0;0;4.028.480.083.741.930;37.222.527.680.799.700;0;5.0
 Rîşcani;MDA.28_1;2022;10;7382;7382;0;0;101.0;103.0;0.46206989975616364;0.6966946626930371;3411.0;5143.0;0;0;0;0;369.680.054.489.725;3.690.804.791.566.640;0;0
 Rîşcani;MDA.28_1;2022;11;7380;7380;0;0;97.0;87.0;0.39498644986449866;0.9355013550135501;2915.0;6904.0;2.0;2.0;0;0;3.431.632.195.553.830;34.795.433.663.939.300;0;5.0
 Rîşcani;MDA.28_1;2022;12;7382;7382;0;0;122.0;63.0;0.8561365483608778;2.926.307.233.811.970;6320.0;21602.0;0;0;0;0;4.043.505.233.398.640;4.233.401.634.369.910;0;6.0
 Sîngerei;MDA.29_1;2022;1;6807;6807;0;0;78.0;60.0;0.6070221830468635;17.656.823.857.793.400;4132.0;12019.0;0;0;0;0;4.206.995.097.198.850;45.005.796.503.305.900;0;6.0
 Sîngerei;MDA.29_1;2022;2;6807;6807;0;0;67.0;68.0;0.5368003525782283;0.9781107683267225;3654.0;6658.0;0;0;0;0;3.647.025.902.063.030;372.674.195.876.494;0;5.0
 Sîngerei;MDA.29_1;2022;3;6807;6807;0;0;82.0;70.0;0.6403702071397092;10.530.336.418.392.800;4359.0;7168.0;0;0;0;0;39.783.390.710.107.800;4.335.833.231.317.610;0;5.0
 Sîngerei;MDA.29_1;2022;4;6807;6807;0;0;71.0;62.0;0.7737623035110915;21.987.659.762.009.600;5267.0;14967.0;0;0;0;0;4.300.651.877.766.200;4.770.971.267.288.160;0;6.0
 Sîngerei;MDA.29_1;2022;5;6807;6807;0;0;58.0;55.0;0.8666079036286176;18.680.769.795.798.400;5899.0;12716.0;0;0;0;0;402.279.533.702.166;4.408.705.897.789.890;0;6.0
 Sîngerei;MDA.29_1;2022;6;6807;6807;0;0;61.0;72.0;16.556.485.970.324.600;4.740.561.187.013.360;11270.0;32269.0;0;0;0;5.0;4.909.865.411.820.610;5.674.691.183.824.100;6.0;10.0
 Sîngerei;MDA.29_1;2022;7;6807;6807;0;0;53.0;53.0;0.8965770530336419;13.944.468.929.043.600;6103.0;9492.0;0;0;0;0;4.053.433.149.146.410;40.884.144.805.743.600;0;5.0
 Sîngerei;MDA.29_1;2022;8;6807;6807;0;0;53.0;61.0;0.8892316732775084;2.608.050.536.212.720;6053.0;17753.0;0;0;0;0;4.076.477.664.072.390;438.898.080.027.697;0;6.0
 Sîngerei;MDA.29_1;2022;9;6807;6807;0;0;63.0;49.0;0.7418833553694726;11.527.838.989.275.700;5050.0;7847.0;0;0;0;0;4.007.585.892.122.090;3.601.966.081.338.270;0;5.0
 Sîngerei;MDA.29_1;2022;10;6807;6807;0;0;51.0;48.0;0.576318495666226;0.7689143528720435;3923.0;5234.0;0;0;0;0;33.454.920.574.021.600;3.339.281.506.688.520;0;0
 Sîngerei;MDA.29_1;2022;11;6807;6807;0;0;50.0;49.0;0.48494197149992657;0.9302188923167328;3301.0;6332.0;0;0;0;0;31.249.905.315.461.900;32.560.721.540.626.500;0;5.0
 Sîngerei;MDA.29_1;2022;12;6807;6807;0;0;50.0;44.0;0.6537387982958719;32.284.413.104.157.400;4450.0;21976.0;0;0;0;5.0;31.285.297.350.132.700;36.142.758.779.971;0;6.0
 Şoldăneşti;MDA.30_1;2022;1;3842;3842;0;0;61.0;63.0;0.6267568974492452;11.241.540.864.133.200;2408.0;4319.0;0;0;0;0;3.191.394.654.610.070;3.276.030.124.013.870;0;5.0
 Şoldăneşti;MDA.30_1;2022;2;3842;3842;0;0;58.0;60.0;0.2634044768349818;0.773555439875065;1012.0;2972.0;0;0;0;0;25.879.347.388.921.800;30.531.042.238.242.300;0;5.0
 Şoldăneşti;MDA.30_1;2022;3;3842;3842;0;0;63.0;64.0;0.30973451327433627;0.44429984383133786;1190.0;1707.0;0;0;0;0;2.847.568.344.870.740;30.518.075.717.715.700;0;0
 Şoldăneşti;MDA.30_1;2022;4;3842;3842;0;0;65.0;74.0;0.30765226444560123;0.7631441957313899;1182.0;2932.0;0;0;0;0;324.676.409.696.794;35.532.852.150.362.100;0;0
 Şoldăneşti;MDA.30_1;2022;5;3842;3842;0;0;66.0;72.0;0.3899010931806351;1.295.419.052.576.780;1498.0;4977.0;0;0;0;0;3.173.120.784.556.180;3.652.874.595.413.750;0;5.0
 Şoldăneşti;MDA.30_1;2022;6;3819;3819;0;0;60.0;57.0;0.6258182770358732;31.078.816.444.095.300;2390.0;11869.0;23.0;23.0;0;0;3.426.339.082.340.000;4.686.884.888.855.080;0;8.0
 Şoldăneşti;MDA.30_1;2022;7;3842;3842;0;0;63.0;58.0;0.540864133263925;1.079.385.736.595.520;2078.0;4147.0;0;0;0;0;33.009.741.093.435.300;36.846.964.404.106.000;0;5.0
 Şoldăneşti;MDA.30_1;2022;8;3842;3842;0;0;57.0;59.0;0.5010411244143675;3.021.343.050.494.530;1925.0;11608.0;0;0;0;5.0;3.019.393.149.462.470;36.345.359.546.849.700;0;6.0
 Şoldăneşti;MDA.30_1;2022;9;3842;3842;0;0;61.0;50.0;0.3867777199375325;0.7420614263404477;1486.0;2851.0;0;0;0;0;30.999.843.960.318.600;30.042.215.167.637.700;0;0
 Şoldăneşti;MDA.30_1;2022;10;3842;3842;0;0;63.0;55.0;0.3370640291514836;0.5715773034877668;1295.0;2196.0;0;0;0;0;2.979.214.043.167.240;3.206.773.813.813.030;0;0
 Şoldăneşti;MDA.30_1;2022;11;3842;3842;0;0;58.0;59.0;0.314679854242582;0.7175950026028111;1209.0;2757.0;0;0;0;0;2.941.232.131.060.390;3.118.206.956.253.230;0;0
 Şoldăneşti;MDA.30_1;2022;12;3842;3842;0;0;58.0;56.0;0.3047891723060906;26.941.697.032.795.400;1171.0;10351.0;0;0;0;0;2.842.292.878.595.020;37.363.546.429.710.500;0;6.0
 Soroca;MDA.31_1;2022;1;5888;5888;0;0;93.0;231.0;0.9375;3.038.383.152.173.910;5520.0;17890.0;0;0;0;0;5.231.479.366.173.170;6.713.763.005.211.820;0;6.0
 Soroca;MDA.31_1;2022;2;5888;5888;0;0;59.0;54.0;0.686141304347826;0.8974184782608695;4040.0;5284.0;0;0;0;0;426.165.260.627.316;39.139.443.949.869.600;0;0
 Soroca;MDA.31_1;2022;3;5888;5888;0;0;67.0;75.0;0.7019361413043478;0.8259171195652174;4133.0;4863.0;0;0;0;0;4.464.570.254.313.920;4.303.147.645.806.390;0;0
 Soroca;MDA.31_1;2022;4;5888;5888;0;0;71.0;70.0;0.7420176630434783;1.986.243.206.521.730;4369.0;11695.0;0;0;0;0;48.166.294.541.516.300;4.958.692.920.406.950;0;6.0
 Soroca;MDA.31_1;2022;5;5888;5888;0;0;210.0;131.0;1.166.100.543.478.260;17.209.578.804.347.800;6866.0;10133.0;0;0;0;0;801.238.377.523.382;6.812.893.060.529;0;5.0
 Soroca;MDA.31_1;2022;6;4738;4738;0;0;59.0;33.0;18.773.744.195.863.200;4.356.901.646.264.240;8895.0;20643.0;1150.0;1150.0;0;5.0;4.401.728.298.891.280;4.383.848.269.174.440;6.0;10.0
 Soroca;MDA.31_1;2022;7;5888;5888;0;0;86.0;68.0;0.9483695652173914;12.340.353.260.869.500;5584.0;7266.0;0;0;0;0;4.799.553.880.349.510;4.325.211.639.563.190;0;5.0
 Soroca;MDA.31_1;2022;8;5888;5888;0;0;71.0;65.0;11.233.016.304.347.800;36.880.095.108.695.600;6614.0;21715.0;0;0;0;5.0;4.419.810.943.145.590;4.158.948.606.412.330;5.0;6.0
 Soroca;MDA.31_1;2022;9;5888;5888;0;0;86.0;66.0;0.7938179347826086;10.962.975.543.478.200;4674.0;6455.0;0;0;0;0;4.627.637.595.669.330;3.809.946.563.094.460;0;5.0
 Soroca;MDA.31_1;2022;10;5888;5888;0;0;53.0;60.0;0.614639945652174;0.7078804347826086;3619.0;4168.0;0;0;0;0;37.704.744.062.356.700;3.408.189.125.641.200;0;0
 Soroca;MDA.31_1;2022;11;5888;5888;0;0;44.0;42.0;0.5083220108695652;0.798233695652174;2993.0;4700.0;0;0;0;0;342.082.398.296.024;31.760.584.729.578.200;0;0
 Soroca;MDA.31_1;2022;12;5888;5888;0;0;49.0;81.0;0.5930706521739131;3.511.888.586.956.520;3492.0;20678.0;0;0;0;5.0;37.237.075.851.617.100;531.825.404.177.015;0;6.0
 Ştefan Voda;MDA.32_1;2022;1;7480;7480;0;0;99.0;233.0;0.6383689839572193;2.835.294.117.647.050;4775.0;21208.0;0;0;0;0;4.938.753.064.465.280;8.974.466.769.145.680;0;6.0
 Ştefan Voda;MDA.32_1;2022;2;7480;7480;0;0;224.0;115.0;0.8343582887700535;11.839.572.192.513.300;6241.0;8856.0;0;0;0;0;7.153.677.580.828.800;480.300.255.447.327;0;5.0
 Ştefan Voda;MDA.32_1;2022;3;7480;7480;0;0;185.0;130.0;10.363.636.363.636.300;10.093.582.887.700.500;7752.0;7550.0;0;0;0;0;6.725.719.939.307.100;5.505.774.131.406.740;0;0
 Ştefan Voda;MDA.32_1;2022;4;7480;7480;0;0;206.0;110.0;0.8609625668449198;10.255.347.593.582.800;6440.0;7671.0;0;0;0;0;71.562.152.884.945.500;5.055.152.013.521.230;0;0
 Ştefan Voda;MDA.32_1;2022;5;7480;7480;0;0;161.0;86.0;10.024.064.171.122.900;19.445.187.165.775.400;7498.0;14545.0;0;0;0;0;6.091.590.994.163.400;5.156.144.448.180.760;0;6.0
 Ştefan Voda;MDA.32_1;2022;6;7480;7480;0;0;122.0;84.0;0.9717914438502674;19.856.951.871.657.700;7269.0;14853.0;0;0;0;0;54.794.346.676.787.600;5.154.633.829.651.170;0;6.0
 Ştefan Voda;MDA.32_1;2022;7;7480;7480;0;0;99.0;96.0;0.9072192513368984;12.707.219.251.336.800;6786.0;9505.0;0;0;0;0;483.900.719.808.917;4.832.830.960.606.560;0;5.0
 Ştefan Voda;MDA.32_1;2022;8;7480;7480;0;0;73.0;68.0;10.954.545.454.545.400;1.472.994.652.406.410;8194.0;11018.0;0;0;0;0;41.623.767.739.552;4.167.042.593.162.850;5.0;5.0
 Ştefan Voda;MDA.32_1;2022;9;7480;7480;0;0;89.0;82.0;0.7118983957219251;10.803.475.935.828.800;5325.0;8081.0;0;0;0;0;4.243.934.662.884.390;4.119.905.882.190.650;0;5.0
 Ştefan Voda;MDA.32_1;2022;10;7480;7480;0;0;83.0;92.0;0.6016042780748663;0.7272727272727273;4500.0;5440.0;0;0;0;0;389.069.884.895.294;37.733.521.807.049.100;0;0
 Ştefan Voda;MDA.32_1;2022;11;7480;7480;0;0;71.0;77.0;0.40748663101604277;10.828.877.005.347.500;3048.0;8100.0;0;0;0;0;27.829.210.971.044.300;30.117.996.473.422.700;0;5.0
 Ştefan Voda;MDA.32_1;2022;12;7480;7480;0;0;70.0;58.0;0.3981283422459893;2.794.652.406.417.110;2978.0;20904.0;0;0;0;0;28.909.866.799.292.300;35.513.533.252.375.800;0;6.0
 Străşeni;MDA.33_1;2022;1;4731;4731;0;0;161.0;159.0;38.909.321.496.512.300;6.162.333.544.705.130;18408.0;29154.0;0;0;0;5.0;13.263.102.828.407.400;11.113.139.338.457.100;8.0;12.0
 Străşeni;MDA.33_1;2022;2;4731;4731;0;0;131.0;128.0;28.385.119.425.068.600;4.065.948.002.536.460;13429.0;19236.0;0;0;0;0;10.981.976.578.932.900;917.729.067.739.412;6.0;9.0
 Străşeni;MDA.33_1;2022;3;4731;4731;0;0;136.0;142.0;2.954.977.805.960.680;36.119.213.696.892.800;13980.0;17088.0;0;0;0;0;11.266.767.820.809.100;10.483.688.930.635.200;6.0;9.0
 Străşeni;MDA.33_1;2022;4;4731;4731;0;0;133.0;129.0;30.080.321.285.140.500;4.768.125.132.107.370;14231.0;22558.0;0;0;0;0;11.482.571.086.702.400;9.731.902.196.892.650;6.0;11.0
 Străşeni;MDA.33_1;2022;5;4731;4731;0;0;137.0;146.0;33.770.872.965.546.300;5.542.380.046.501.790;15977.0;26221.0;0;0;0;5.0;108.964.038.198.107;1.027.302.465.042.940;7.0;11.0
 Străşeni;MDA.33_1;2022;6;4731;4731;0;0;154.0;189.0;4.002.747.833.439.010;6.448.953.709.575.140;18937.0;30510.0;0;0;0;5.0;11.536.428.882.036.100;1.115.281.169.444.680;8.0;12.0
 Străşeni;MDA.33_1;2022;7;4731;4731;0;0;137.0;134.0;3.302.684.421.898.110;4.113.083.914.605.790;15625.0;19459.0;0;0;0;0;10.250.246.099.894.300;9.814.216.952.318.030;8.0;9.0
 Străşeni;MDA.33_1;2022;8;4731;4731;0;0;152.0;158.0;348.002.536.461.636;58.867.047.135.912.000;16464.0;27850.0;0;0;0;5.0;10.706.503.853.832.500;9.896.646.987.068.860;7.0;9.0
 Străşeni;MDA.33_1;2022;9;4731;4731;0;0;170.0;195.0;3.259.564.574.085.810;4.363.348.129.359.540;15421.0;20643.0;0;0;0;0;1.140.399.028.592.880;10.719.304.483.024.700;7.0;9.0
 Străşeni;MDA.33_1;2022;10;4731;4731;0;0;159.0;182.0;28.137.814.415.556.900;33.176.918.199.112.200;13312.0;15696.0;0;0;0;0;10.998.577.389.705.400;1.040.260.675.339.770;6.0;8.0
 Străşeni;MDA.33_1;2022;11;4731;4731;0;0;157.0;121.0;20.754.597.336.715.200;32.390.615.091.946.700;9819.0;15324.0;0;0;0;0;9.690.083.018.974.730;7.747.203.031.785.410;5.0;7.0
 Străşeni;MDA.33_1;2022;12;4731;4731;0;0;153.0;152.0;2.146.480.659.480.020;60.653.138.871.274.500;10155.0;28695.0;0;0;0;5.0;967.588.779.761.045;8.546.499.788.592.670;5.0;9.0
 Taraclia;MDA.34_1;2022;1;4488;4488;0;0;193.0;212.0;18.821.301.247.771.800;29.616.755.793.226.300;8447.0;13292.0;0;0;0;0;107.751.348.453.251;11.433.187.769.632.600;0;7.0
 Taraclia;MDA.34_1;2022;2;4488;4488;0;0;193.0;176.0;18.143.939.393.939.300;2.249.331.550.802.130;8143.0;10095.0;0;0;0;0;10.815.710.232.038.400;9.829.132.890.831.090;0;6.0
 Taraclia;MDA.34_1;2022;3;4488;4488;0;0;198.0;199.0;19.037.433.155.080.200;2.091.577.540.106.950;8544.0;9387.0;0;0;0;0;11.390.124.732.605.300;11.227.347.580.651.000;0;5.0
 Taraclia;MDA.34_1;2022;4;4488;4488;0;0;206.0;194.0;20.635.026.737.967.900;26.840.463.458.110.500;9261.0;12046.0;0;0;0;0;11.891.376.518.431.800;11.125.659.444.077.300;0;6.0
 Taraclia;MDA.34_1;2022;5;4488;4488;0;0;194.0;183.0;19.610.071.301.247.700;23.495.989.304.812.800;8801.0;10545.0;0;0;0;0;1.185.857.106.569.300;10.389.565.235.985.400;0;6.0
 Taraclia;MDA.34_1;2022;6;4488;4488;0;0;182.0;163.0;2.019.830.659.536.540;2.466.131.907.308.370;9065.0;11068.0;0;0;0;0;11.882.194.650.145.400;9.663.602.671.295.060;0;6.0
 Taraclia;MDA.34_1;2022;7;4488;4488;0;0;165.0;164.0;18.112.745.098.039.200;19.429.590.017.825.300;8129.0;8720.0;0;0;0;0;10.243.940.314.675.400;994.989.001.883.493;0;5.0
 Taraclia;MDA.34_1;2022;8;4488;4488;0;0;145.0;143.0;20.303.030.303.030.300;23.088.235.294.117.600;9112.0;10362.0;0;0;0;0;8.893.280.409.953.460;8.748.541.648.118.160;5.0;6.0
 Taraclia;MDA.34_1;2022;9;4488;4488;0;0;157.0;157.0;17.049.910.873.440.200;20.220.588.235.294.100;7652.0;9075.0;0;0;0;0;9.306.733.424.354.970;9.144.960.723.517.950;0;6.0
 Taraclia;MDA.34_1;2022;10;4488;4488;0;0;156.0;164.0;15.461.229.946.524.000;17.482.174.688.057.000;6939.0;7846.0;0;0;0;0;8.905.155.486.457.920;8.760.675.760.555.470;0;5.0
 Taraclia;MDA.34_1;2022;11;4488;4488;0;0;110.0;67.0;10.822.192.513.368.900;13.175.133.689.839.500;4857.0;5913.0;0;0;0;0;63.922.695.398.373.500;4.364.174.752.189.300;0;5.0
 Taraclia;MDA.34_1;2022;12;4488;4488;0;0;79.0;87.0;0.9494206773618539;3.910.427.807.486.630;4261.0;17550.0;0;0;0;5.0;5.552.326.006.734.710;4.872.985.482.998.640;0;6.0
 Teleneşti;MDA.35_1;2022;1;5976;5976;0;0;87.0;86.0;0.7048192771084337;246.285.140.562.249;4212.0;14718.0;0;0;0;0;3.938.773.830.940.500;4.389.727.134.946.450;0;6.0
 Teleneşti;MDA.35_1;2022;2;5976;5976;0;0;89.0;89.0;0.47707496653279785;0.9471218206157965;2851.0;5660.0;0;0;0;0;37.911.256.569.418.400;4.057.759.240.776.880;0;5.0
 Teleneşti;MDA.35_1;2022;3;5976;5976;0;0;93.0;103.0;0.5532128514056225;0.7990294511378849;3306.0;4775.0;0;0;0;0;4.195.663.725.235.430;4.363.764.677.866.030;0;0
 Teleneşti;MDA.35_1;2022;4;5976;5976;0;0;96.0;89.0;0.554718875502008;12.911.646.586.345.300;3315.0;7716.0;0;0;0;0;4.018.866.711.715.870;4.179.806.059.749.390;0;5.0
 Teleneşti;MDA.35_1;2022;5;5976;5976;0;0;124.0;113.0;0.7354417670682731;17.182.061.579.651.900;4395.0;10268.0;0;0;0;0;457.593.841.981.916;4.755.104.689.781.140;0;6.0
 Teleneşti;MDA.35_1;2022;6;5976;5976;0;0;137.0;176.0;11.658.299.866.131.100;4.354.082.998.661.310;6967.0;26020.0;0;0;0;5.0;5.677.090.909.257.920;7.308.244.326.536.350;5.0;9.0
 Teleneşti;MDA.35_1;2022;7;5976;5976;0;0;122.0;119.0;0.8413654618473896;11.378.848.728.246.300;5028.0;6800.0;0;0;0;0;5.271.536.029.604.420;4.730.069.560.056.240;0;5.0
 Teleneşti;MDA.35_1;2022;8;5976;5976;0;0;90.0;64.0;0.8072289156626506;29.051.204.819.277.100;4824.0;17361.0;0;0;0;0;4.161.441.054.700.580;4.098.502.749.136.670;0;6.0
 Teleneşti;MDA.35_1;2022;9;5976;5976;0;0;83.0;82.0;0.6534471218206158;11.326.974.564.926.300;3905.0;6769.0;0;0;0;0;4.059.037.402.730.120;37.598.102.583.617.700;0;5.0
 Teleneşti;MDA.35_1;2022;10;5976;5976;0;0;80.0;78.0;0.4959839357429719;0.6740294511378849;2964.0;4028.0;0;0;0;0;3.317.429.520.512.920;33.097.814.896.413.900;0;0
 Teleneşti;MDA.35_1;2022;11;5976;5976;0;0;92.0;83.0;0.3853748326639893;0.8893908969210174;2303.0;5315.0;0;0;0;0;29.777.027.748.456.900;31.512.488.595.226.300;0;5.0
 Teleneşti;MDA.35_1;2022;12;5976;5976;0;0;85.0;65.0;0.39407630522088355;26.703.480.589.022.700;2355.0;15958.0;0;0;0;0;28.243.701.333.456.000;38.922.610.907.114.100;0;6.0
 Transnistria;MDA.36_1;2022;1;23866;23866;0;0;11578.0;11331.0;7.227.394.619.961.450;7.891.854.521.076.000;172489.0;188347.0;4.0;4.0;0;0;1.507.114.901.985.230;1.348.172.600.876.940;5.0;8.0
 Transnistria;MDA.36_1;2022;2;23870;23870;0;0;13219.0;16289.0;6.678.382.907.415.160;7.065.437.788.018.430;159413.0;168652.0;0;0;0;0;14.518.412.647.407.700;17.139.853.990.025.700;5.0;7.0
 Transnistria;MDA.36_1;2022;3;23870;23870;0;0;10216.0;4012.0;5.730.959.363.217.420;397.804.775.869.292;136798.0;94956.0;0;0;0;0;11.822.180.771.710.700;4.459.345.965.720.540;5.0;6.0
 Transnistria;MDA.36_1;2022;4;23869;23869;0;0;3401.0;1005.0;4.367.799.237.504.710;3.743.013.951.150.020;104255.0;89342.0;1.0;1.0;0;0;4.483.580.449.693.360;2.075.289.242.979.850;0;7.0
 Transnistria;MDA.36_1;2022;5;23869;23869;0;0;1618.0;658.0;4.060.999.622.941.890;4.906.908.542.460.930;96932.0;117123.0;1.0;1.0;0;0;2.692.769.125.938.510;19.277.216.910.784.500;6.0;8.0
 Transnistria;MDA.36_1;2022;6;23865;23865;0;0;825.0;751.0;4.469.851.246.595.430;6.461.680.284.936.090;106673.0;154208.0;5.0;5.0;0;0;21.753.047.577.316.100;20.988.469.899.065.600;7.0;11.0
 Transnistria;MDA.36_1;2022;7;23870;23870;0;0;679.0;747.0;36.944.700.460.829.400;4.005.236.698.785.080;88187.0;95605.0;0;0;0;0;19.121.800.815.957.800;1.764.561.103.594.030;6.0;8.0
 Transnistria;MDA.36_1;2022;8;23870;23870;0;0;592.0;625.0;3.415.626.309.174.690;4.474.612.484.289.900;81531.0;106809.0;0;0;0;0;1.703.404.950.498.240;15.738.526.606.350.800;6.0;8.0
 Transnistria;MDA.36_1;2022;9;23870;23870;0;0;871.0;696.0;337.683.284.457.478;36.201.927.105.152.900;80605.0;86414.0;0;0;0;0;20.889.243.897.821.300;1.680.123.166.021.180;5.0;7.0
 Transnistria;MDA.36_1;2022;10;23870;23870;0;0;3101.0;3540.0;33.630.079.597.821.500;3.680.980.310.012.560;80275.0;87865.0;0;0;0;0;29.761.220.902.851.700;32.579.269.230.941.100;5.0;6.0
 Transnistria;MDA.36_1;2022;11;23870;23870;0;0;2595.0;1363.0;3.535.483.870.967.740;3.221.994.134.897.360;84392.0;76909.0;0;0;0;0;3.710.368.484.109.970;2.197.867.025.291.260;5.0;6.0
 Transnistria;MDA.36_1;2022;12;23870;23870;0;0;6331.0;10883.0;38.098.449.937.159.600;8.262.295.768.747.380;90941.0;197221.0;0;0;0;5.0;6.207.913.037.746.030;11.946.711.361.058.500;5.0;9.0
 Ungheni;MDA.37_1;2022;1;7446;7446;0;0;246.0;260.0;37.437.550.362.610.700;28.639.538.006.983.600;27876.0;21325.0;0;0;0;0;11.863.417.614.351.400;8.541.010.271.616.500;8.0;7.0
 Ungheni;MDA.37_1;2022;2;7446;7446;0;0;160.0;173.0;0.9542035992479183;16.852.001.074.402.300;7105.0;12548.0;0;0;0;0;7.264.905.980.656.720;839.086.860.464.095;0;5.0
 Ungheni;MDA.37_1;2022;3;7446;7446;0;0;225.0;245.0;1.256.647.864.625.300;15.972.334.139.135.100;9357.0;11893.0;0;0;0;0;10.111.363.164.566.600;10.362.611.146.722.600;0;0
 Ungheni;MDA.37_1;2022;4;7446;7446;0;0;219.0;187.0;14.806.607.574.536.600;28.354.821.380.607.000;11025.0;21113.0;0;0;0;0;10.862.945.634.238.100;9.444.335.310.792.450;0;6.0
 Ungheni;MDA.37_1;2022;5;7446;7446;0;0;229.0;222.0;15.789.685.737.308.600;29.347.300.564.061.200;11757.0;21852.0;0;0;0;0;11.011.196.573.046.500;9.597.110.141.797.180;0;6.0
 Ungheni;MDA.37_1;2022;6;7446;7446;0;0;210.0;196.0;209.508.460.918.614;448.965.887.724.953;15600.0;33430.0;0;0;0;5.0;9.703.021.563.614.430;88.532.876.124.612;5.0;8.0
 Ungheni;MDA.37_1;2022;7;7446;7446;0;0;218.0;217.0;15.711.791.565.941.400;18.689.229.116.304.000;11699.0;13916.0;0;0;0;0;10.043.230.321.717.100;9.863.370.056.124.560;0;5.0
 Ungheni;MDA.37_1;2022;8;7446;7446;0;0;196.0;152.0;16.412.839.108.246.000;4.399.543.378.995.430;12221.0;32759.0;0;0;0;5.0;10.158.010.757.912.100;9.258.315.500.974.820;0;7.0
 Ungheni;MDA.37_1;2022;9;7446;7446;0;0;179.0;154.0;14.738.114.423.851.700;18.278.270.212.194.400;10974.0;13610.0;0;0;0;0;9.907.091.860.984.780;8.653.111.940.715.620;0;5.0
 Ungheni;MDA.37_1;2022;10;7446;7446;0;0;164.0;152.0;11.340.316.948.697.200;12.085.683.588.503.800;8444.0;8999.0;0;0;0;0;8.285.888.871.291.470;67.285.846.088.059.200;0;0
 Ungheni;MDA.37_1;2022;11;7446;7446;0;0;161.0;156.0;0.82232070910556;10.451.248.992.747.700;6123.0;7782.0;0;0;0;0;63.677.472.032.965.300;4.911.585.163.673.390;0;5.0
 Ungheni;MDA.37_1;2022;12;7446;7446;0;0;159.0;171.0;14.307.010.475.423.000;4.025.248.455.546.600;10653.0;29972.0;0;0;0;5.0;6.980.785.394.549.510;7.801.744.101.465.980;5.0;6.0